InvoiceNo,StockCode,Description,Quantity,InvoiceDate,UnitPrice,CustomerID,Country
554698,47566,PARTY BUNTING,8,2011-05-26 08:38:00,4.95,16678.0,United Kingdom
554698,22089,PAPER BUNTING VINTAGE PAISLEY,12,2011-05-26 08:38:00,2.95,16678.0,United Kingdom
554698,22993,SET OF 4 PANTRY JELLY MOULDS,24,2011-05-26 08:38:00,1.25,16678.0,United Kingdom
554698,22717,CARD DOG AND BALL ,12,2011-05-26 08:38:00,0.42,16678.0,United Kingdom
554698,71459,HANGING JAM JAR T-LIGHT HOLDER,36,2011-05-26 08:38:00,0.85,16678.0,United Kingdom
554698,84978,HANGING HEART JAR T-LIGHT HOLDER,36,2011-05-26 08:38:00,1.06,16678.0,United Kingdom
554698,22558,CLOTHES PEGS RETROSPOT PACK 24 ,24,2011-05-26 08:38:00,1.65,16678.0,United Kingdom
554698,22652,TRAVEL SEWING KIT,20,2011-05-26 08:38:00,1.65,16678.0,United Kingdom
554698,22961,JAM MAKING SET PRINTED,12,2011-05-26 08:38:00,1.45,16678.0,United Kingdom
554698,23190,BUNDLE OF 3 SCHOOL EXERCISE BOOKS  ,12,2011-05-26 08:38:00,1.65,16678.0,United Kingdom
554698,21407,BROWN CHECK CAT DOORSTOP ,3,2011-05-26 08:38:00,4.25,16678.0,United Kingdom
554699,23084,RABBIT NIGHT LIGHT,6,2011-05-26 09:17:00,2.08,12613.0,Germany
554699,23199,JUMBO BAG APPLES,20,2011-05-26 09:17:00,2.08,12613.0,Germany
554699,23200,JUMBO BAG PEARS,20,2011-05-26 09:17:00,2.08,12613.0,Germany
554699,23298,SPOTTY BUNTING,3,2011-05-26 09:17:00,4.95,12613.0,Germany
554699,23201,JUMBO BAG ALPHABET,10,2011-05-26 09:17:00,2.08,12613.0,Germany
554699,23202,JUMBO BAG VINTAGE LEAF,10,2011-05-26 09:17:00,2.08,12613.0,Germany
554699,21556,CERAMIC STRAWBERRY MONEY BOX,6,2011-05-26 09:17:00,2.55,12613.0,Germany
554699,22554,PLASTERS IN TIN WOODLAND ANIMALS,12,2011-05-26 09:17:00,1.65,12613.0,Germany
554699,22556,PLASTERS IN TIN CIRCUS PARADE ,12,2011-05-26 09:17:00,1.65,12613.0,Germany
554699,22326,ROUND SNACK BOXES SET OF4 WOODLAND ,12,2011-05-26 09:17:00,2.95,12613.0,Germany
554699,22328,ROUND SNACK BOXES SET OF 4 FRUITS ,12,2011-05-26 09:17:00,2.95,12613.0,Germany
554699,20665,RED RETROSPOT PURSE ,6,2011-05-26 09:17:00,2.95,12613.0,Germany
554699,85099F,JUMBO BAG STRAWBERRY,10,2011-05-26 09:17:00,2.08,12613.0,Germany
554699,21668,RED STRIPE CERAMIC DRAWER KNOB,12,2011-05-26 09:17:00,1.25,12613.0,Germany
554699,23255,CHILDRENS CUTLERY CIRCUS PARADE,4,2011-05-26 09:17:00,4.15,12613.0,Germany
554699,23254,CHILDRENS CUTLERY DOLLY GIRL ,4,2011-05-26 09:17:00,4.15,12613.0,Germany
554699,23256,CHILDRENS CUTLERY SPACEBOY ,4,2011-05-26 09:17:00,4.15,12613.0,Germany
554699,21558,SKULL LUNCH BOX WITH CUTLERY ,6,2011-05-26 09:17:00,2.55,12613.0,Germany
554699,21930,JUMBO STORAGE BAG SKULLS,10,2011-05-26 09:17:00,2.08,12613.0,Germany
554699,21559,STRAWBERRY LUNCH BOX WITH CUTLERY,6,2011-05-26 09:17:00,2.55,12613.0,Germany
554699,22352,LUNCH BOX WITH CUTLERY RETROSPOT ,6,2011-05-26 09:17:00,2.55,12613.0,Germany
554699,POST,POSTAGE,3,2011-05-26 09:17:00,18.0,12613.0,Germany
554700,22139,RETROSPOT TEA SET CERAMIC 11 PC ,3,2011-05-26 09:18:00,4.95,12613.0,Germany
554700,22467,GUMBALL COAT RACK,36,2011-05-26 09:18:00,2.1,12613.0,Germany
554700,20665,RED RETROSPOT PURSE ,6,2011-05-26 09:18:00,2.95,12613.0,Germany
554700,22027,TEA PARTY BIRTHDAY CARD,12,2011-05-26 09:18:00,0.42,12613.0,Germany
554700,22028,PENNY FARTHING BIRTHDAY CARD,12,2011-05-26 09:18:00,0.42,12613.0,Germany
554700,21930,JUMBO STORAGE BAG SKULLS,10,2011-05-26 09:18:00,2.08,12613.0,Germany
554701,48116,DOORMAT MULTICOLOUR STRIPE,2,2011-05-26 09:33:00,7.95,12974.0,United Kingdom
554701,20685,DOORMAT RED RETROSPOT,2,2011-05-26 09:33:00,7.95,12974.0,United Kingdom
554701,48194,DOORMAT HEARTS,2,2011-05-26 09:33:00,7.95,12974.0,United Kingdom
554701,22802,FAUX FUR CHOCOLATE THROW,1,2011-05-26 09:33:00,19.95,12974.0,United Kingdom
554701,22090,PAPER BUNTING RETROSPOT,4,2011-05-26 09:33:00,2.95,12974.0,United Kingdom
554701,22088,PAPER BUNTING COLOURED LACE,4,2011-05-26 09:33:00,2.95,12974.0,United Kingdom
554701,15056BL,EDWARDIAN PARASOL BLACK,3,2011-05-26 09:33:00,5.95,12974.0,United Kingdom
554701,15056N,EDWARDIAN PARASOL NATURAL,6,2011-05-26 09:33:00,5.95,12974.0,United Kingdom
554702,47351B,BLUE  VOILE LAMPSHADE,6,2011-05-26 09:45:00,2.95,15805.0,United Kingdom
554702,40001,WHITE BAMBOO RIBS LAMPSHADE,12,2011-05-26 09:45:00,0.85,15805.0,United Kingdom
554702,84795B,SUNSET CHECK HAMMOCK,2,2011-05-26 09:45:00,7.95,15805.0,United Kingdom
554702,21922,UNION STRIPE WITH FRINGE  HAMMOCK,2,2011-05-26 09:45:00,7.95,15805.0,United Kingdom
554702,23191,BUNDLE OF 3 RETRO NOTE BOOKS,12,2011-05-26 09:45:00,1.65,15805.0,United Kingdom
554702,22741,FUNKY DIVA PEN,48,2011-05-26 09:45:00,0.85,15805.0,United Kingdom
554702,20983,12 PENCILS TALL TUBE RED RETROSPOT,12,2011-05-26 09:45:00,0.85,15805.0,United Kingdom
554702,23202,JUMBO BAG VINTAGE LEAF,10,2011-05-26 09:45:00,2.08,15805.0,United Kingdom
554702,22727,ALARM CLOCK BAKELIKE RED ,4,2011-05-26 09:45:00,3.75,15805.0,United Kingdom
554702,22730,ALARM CLOCK BAKELIKE IVORY,4,2011-05-26 09:45:00,3.75,15805.0,United Kingdom
554702,22729,ALARM CLOCK BAKELIKE ORANGE,4,2011-05-26 09:45:00,3.75,15805.0,United Kingdom
554702,71459,HANGING JAM JAR T-LIGHT HOLDER,12,2011-05-26 09:45:00,0.85,15805.0,United Kingdom
554702,22432,WATERING CAN PINK BUNNY,6,2011-05-26 09:45:00,1.95,15805.0,United Kingdom
554702,22433,WATERING CAN GREEN DINOSAUR,6,2011-05-26 09:45:00,1.95,15805.0,United Kingdom
554702,22492,MINI PAINT SET VINTAGE ,36,2011-05-26 09:45:00,0.65,15805.0,United Kingdom
554702,22561,WOODEN SCHOOL COLOURING SET,12,2011-05-26 09:45:00,1.65,15805.0,United Kingdom
554702,22422,TOOTHPASTE TUBE PEN,12,2011-05-26 09:45:00,0.65,15805.0,United Kingdom
554702,22030,SWALLOWS GREETING CARD,12,2011-05-26 09:45:00,0.42,15805.0,United Kingdom
554702,20886,BOX OF 9 PEBBLE CANDLES,6,2011-05-26 09:45:00,1.95,15805.0,United Kingdom
554702,22807,SET OF 6 T-LIGHTS TOADSTOOLS,6,2011-05-26 09:45:00,2.95,15805.0,United Kingdom
554702,85175,CACTI T-LIGHT CANDLES,16,2011-05-26 09:45:00,0.42,15805.0,United Kingdom
554702,22846,BREAD BIN DINER STYLE RED ,1,2011-05-26 09:45:00,16.95,15805.0,United Kingdom
554702,84828,JUNGLE POPSICLES ICE LOLLY MOULDS,12,2011-05-26 09:45:00,1.25,15805.0,United Kingdom
554702,21523,DOORMAT FANCY FONT HOME SWEET HOME,2,2011-05-26 09:45:00,7.95,15805.0,United Kingdom
554702,48173C,DOORMAT BLACK FLOCK ,2,2011-05-26 09:45:00,7.95,15805.0,United Kingdom
554703,47566,PARTY BUNTING,8,2011-05-26 10:03:00,4.95,15281.0,United Kingdom
554703,22355,CHARLOTTE BAG SUKI DESIGN,10,2011-05-26 10:03:00,0.85,15281.0,United Kingdom
554704,23181,BULL DOG BOTTLE TOP WALL CLOCK,2,2011-05-26 10:09:00,8.25,15658.0,United Kingdom
554704,23165,LARGE CERAMIC TOP STORAGE JAR,12,2011-05-26 10:09:00,1.65,15658.0,United Kingdom
554704,23166,MEDIUM CERAMIC TOP STORAGE JAR,12,2011-05-26 10:09:00,1.25,15658.0,United Kingdom
554704,23162,REGENCY TEA STRAINER,4,2011-05-26 10:09:00,3.75,15658.0,United Kingdom
554704,23171,REGENCY TEA PLATE GREEN ,12,2011-05-26 10:09:00,1.65,15658.0,United Kingdom
554704,23172,REGENCY TEA PLATE PINK,12,2011-05-26 10:09:00,1.65,15658.0,United Kingdom
554704,23170,REGENCY TEA PLATE ROSES ,12,2011-05-26 10:09:00,1.65,15658.0,United Kingdom
554704,23092,LARGE ANTIQUE WHITE PHOTO FRAME,2,2011-05-26 10:09:00,7.9,15658.0,United Kingdom
554704,47566,PARTY BUNTING,4,2011-05-26 10:09:00,4.95,15658.0,United Kingdom
554704,48194,DOORMAT HEARTS,2,2011-05-26 10:09:00,7.95,15658.0,United Kingdom
554704,48184,DOORMAT ENGLISH ROSE ,2,2011-05-26 10:09:00,7.95,15658.0,United Kingdom
554704,21523,DOORMAT FANCY FONT HOME SWEET HOME,2,2011-05-26 10:09:00,7.95,15658.0,United Kingdom
554704,21754,HOME BUILDING BLOCK WORD,3,2011-05-26 10:09:00,5.95,15658.0,United Kingdom
554704,22120,WELCOME  WOODEN BLOCK LETTERS,3,2011-05-26 10:09:00,9.95,15658.0,United Kingdom
554704,22427,ENAMEL FLOWER JUG CREAM,3,2011-05-26 10:09:00,5.95,15658.0,United Kingdom
554704,22429,ENAMEL MEASURING JUG CREAM,4,2011-05-26 10:09:00,4.25,15658.0,United Kingdom
554704,22423,REGENCY CAKESTAND 3 TIER,2,2011-05-26 10:09:00,12.75,15658.0,United Kingdom
554704,22699,ROSES REGENCY TEACUP AND SAUCER ,6,2011-05-26 10:09:00,2.95,15658.0,United Kingdom
554704,23175,REGENCY MILK JUG PINK ,6,2011-05-26 10:09:00,3.25,15658.0,United Kingdom
554704,23174,REGENCY SUGAR BOWL GREEN,6,2011-05-26 10:09:00,4.15,15658.0,United Kingdom
554704,23173,REGENCY TEAPOT ROSES ,4,2011-05-26 10:09:00,9.95,15658.0,United Kingdom
554705,22271,FELTCRAFT DOLL ROSIE,24,2011-05-26 10:12:00,2.95,12910.0,United Kingdom
554705,22382,LUNCH BAG SPACEBOY DESIGN ,30,2011-05-26 10:12:00,1.65,12910.0,United Kingdom
554705,22568,FELTCRAFT CUSHION OWL,24,2011-05-26 10:12:00,3.39,12910.0,United Kingdom
554705,22569,FELTCRAFT CUSHION BUTTERFLY,24,2011-05-26 10:12:00,3.39,12910.0,United Kingdom
554705,22570,FELTCRAFT CUSHION RABBIT,24,2011-05-26 10:12:00,3.39,12910.0,United Kingdom
554706,23209,LUNCH BAG DOILEY PATTERN ,20,2011-05-26 10:13:00,1.65,12910.0,United Kingdom
554706,23044,PAPER LANTERN 9 POINT HOLLY STAR 23,6,2011-05-26 10:13:00,4.15,12910.0,United Kingdom
554707,22900, SET 2 TEA TOWELS I LOVE LONDON ,100,2011-05-26 10:15:00,2.55,14101.0,United Kingdom
554707,22109,FULL ENGLISH BREAKFAST PLATE,96,2011-05-26 10:15:00,3.75,14101.0,United Kingdom
554707,22190,LOCAL CAFE MUG,48,2011-05-26 10:15:00,1.85,14101.0,United Kingdom
554707,84879,ASSORTED COLOUR BIRD ORNAMENT,40,2011-05-26 10:15:00,1.69,14101.0,United Kingdom
554707,22659,LUNCH BOX I LOVE LONDON,128,2011-05-26 10:15:00,1.65,14101.0,United Kingdom
554707,21136,PAINTED METAL PEARS ASSORTED,64,2011-05-26 10:15:00,1.69,14101.0,United Kingdom
554708,23107,WHITE WIRE PLANT POT HOLDER,8,2011-05-26 10:25:00,2.89,16449.0,United Kingdom
554708,23103,BELL HEART DECORATION,12,2011-05-26 10:25:00,1.65,16449.0,United Kingdom
554708,23068,ALUMINIUM HEART,2,2011-05-26 10:25:00,2.49,16449.0,United Kingdom
554708,23152,IVORY SWEETHEART WIRE LETTER RACK ,1,2011-05-26 10:25:00,3.75,16449.0,United Kingdom
554708,23088,ZINC HEART FLOWER T-LIGHT HOLDER,8,2011-05-26 10:25:00,1.25,16449.0,United Kingdom
554708,23298,"BUNTING , SPOTTY ",6,2011-05-26 10:25:00,4.95,16449.0,United Kingdom
554708,21749,LARGE RED RETROSPOT WINDMILL,6,2011-05-26 10:25:00,2.1,16449.0,United Kingdom
554708,22427,ENAMEL FLOWER JUG CREAM,3,2011-05-26 10:25:00,5.95,16449.0,United Kingdom
554708,84755,COLOUR GLASS T-LIGHT HOLDER HANGING,16,2011-05-26 10:25:00,0.65,16449.0,United Kingdom
554708,22171,3 HOOK PHOTO SHELF ANTIQUE WHITE,2,2011-05-26 10:25:00,8.5,16449.0,United Kingdom
554708,22766,PHOTO FRAME CORNICE,8,2011-05-26 10:25:00,2.95,16449.0,United Kingdom
554708,23092,LARGE ANTIQUE WHITE PHOTO FRAME,2,2011-05-26 10:25:00,7.9,16449.0,United Kingdom
554708,22768,FAMILY PHOTO FRAME CORNICE,2,2011-05-26 10:25:00,9.95,16449.0,United Kingdom
554708,22296,HEART IVORY TRELLIS LARGE,12,2011-05-26 10:25:00,1.65,16449.0,United Kingdom
554708,22855,FINE WICKER HEART ,12,2011-05-26 10:25:00,1.25,16449.0,United Kingdom
554708,22831,WHITE BROCANTE SOAP DISH,6,2011-05-26 10:25:00,2.95,16449.0,United Kingdom
554708,23228,FILIGREE HEART BIRD WHITE ,24,2011-05-26 10:25:00,1.25,16449.0,United Kingdom
554709,22381,TOY TIDY PINK POLKADOT,200,2011-05-26 10:35:00,1.85,15769.0,United Kingdom
554709,23201,JUMBO BAG ALPHABET,200,2011-05-26 10:35:00,1.79,15769.0,United Kingdom
554709,23199,JUMBO BAG APPLES,200,2011-05-26 10:35:00,1.79,15769.0,United Kingdom
554710,22386,JUMBO BAG PINK POLKADOT,300,2011-05-26 10:37:00,1.79,15769.0,United Kingdom
554711,22128,PARTY CONES CANDY ASSORTED,12,2011-05-26 10:41:00,1.25,12654.0,Germany
554711,21561,DINOSAUR LUNCH BOX WITH CUTLERY,6,2011-05-26 10:41:00,2.55,12654.0,Germany
554711,21559,STRAWBERRY LUNCH BOX WITH CUTLERY,6,2011-05-26 10:41:00,2.55,12654.0,Germany
554711,37495,FAIRY CAKE BIRTHDAY CANDLE SET,4,2011-05-26 10:41:00,3.75,12654.0,Germany
554711,22138,BAKING SET 9 PIECE RETROSPOT ,3,2011-05-26 10:41:00,4.95,12654.0,Germany
554711,22617,BAKING SET SPACEBOY DESIGN,3,2011-05-26 10:41:00,4.95,12654.0,Germany
554711,22668,PINK BABY BUNTING,5,2011-05-26 10:41:00,2.95,12654.0,Germany
554711,POST,POSTAGE,1,2011-05-26 10:41:00,18.0,12654.0,Germany
554712,21035,SET/2 RED RETROSPOT TEA TOWELS ,12,2011-05-26 10:43:00,3.25,16873.0,United Kingdom
554712,20754,RETROSPOT RED WASHING UP GLOVES,12,2011-05-26 10:43:00,2.1,16873.0,United Kingdom
554712,21155,RED RETROSPOT PEG BAG,12,2011-05-26 10:43:00,2.55,16873.0,United Kingdom
554712,21218,RED SPOTTY BISCUIT TIN,6,2011-05-26 10:43:00,3.75,16873.0,United Kingdom
554712,22199,FRYING PAN RED RETROSPOT,8,2011-05-26 10:43:00,4.25,16873.0,United Kingdom
554712,20725,LUNCH BAG RED RETROSPOT,10,2011-05-26 10:43:00,1.65,16873.0,United Kingdom
554712,21039,RED RETROSPOT SHOPPING BAG,12,2011-05-26 10:43:00,2.55,16873.0,United Kingdom
554712,21936,RED RETROSPOT PICNIC BAG,10,2011-05-26 10:43:00,2.95,16873.0,United Kingdom
554712,22203,MILK PAN RED RETROSPOT,8,2011-05-26 10:43:00,3.75,16873.0,United Kingdom
554712,22384,LUNCH BAG PINK POLKADOT,10,2011-05-26 10:43:00,1.65,16873.0,United Kingdom
554712,21844,RED RETROSPOT MUG,12,2011-05-26 10:43:00,2.95,16873.0,United Kingdom
554712,22852,DOG BOWL VINTAGE CREAM,4,2011-05-26 10:43:00,4.25,16873.0,United Kingdom
554712,22853,CAT BOWL VINTAGE CREAM,6,2011-05-26 10:43:00,3.25,16873.0,United Kingdom
554712,22845,VINTAGE CREAM CAT FOOD CONTAINER,4,2011-05-26 10:43:00,6.35,16873.0,United Kingdom
554712,22844,VINTAGE CREAM DOG FOOD CONTAINER,2,2011-05-26 10:43:00,8.5,16873.0,United Kingdom
554712,22207,FRYING PAN UNION FLAG,8,2011-05-26 10:43:00,4.25,16873.0,United Kingdom
554712,84978,HANGING HEART JAR T-LIGHT HOLDER,12,2011-05-26 10:43:00,1.25,16873.0,United Kingdom
554712,22625,RED KITCHEN SCALES,4,2011-05-26 10:43:00,8.5,16873.0,United Kingdom
554712,82482,WOODEN PICTURE FRAME WHITE FINISH,6,2011-05-26 10:43:00,2.55,16873.0,United Kingdom
554712,22892,SET OF SALT AND PEPPER TOADSTOOLS,24,2011-05-26 10:43:00,1.25,16873.0,United Kingdom
554712,22561,WOODEN SCHOOL COLOURING SET,12,2011-05-26 10:43:00,1.65,16873.0,United Kingdom
554712,21917,SET 12 KIDS  WHITE CHALK STICKS,24,2011-05-26 10:43:00,0.42,16873.0,United Kingdom
554713,20719,WOODLAND CHARLOTTE BAG,10,2011-05-26 10:43:00,0.85,12654.0,Germany
554713,22554,PLASTERS IN TIN WOODLAND ANIMALS,12,2011-05-26 10:43:00,1.65,12654.0,Germany
554713,22556,PLASTERS IN TIN CIRCUS PARADE ,12,2011-05-26 10:43:00,1.65,12654.0,Germany
554714,20615,BLUE POLKADOT PASSPORT COVER,1,2011-05-26 10:44:00,4.13,,United Kingdom
554714,20711,JUMBO BAG TOYS ,2,2011-05-26 10:44:00,4.13,,United Kingdom
554714,20712,JUMBO BAG WOODLAND ANIMALS,3,2011-05-26 10:44:00,4.13,,United Kingdom
554714,20750,RED RETROSPOT MINI CASES,1,2011-05-26 10:44:00,16.63,,United Kingdom
554714,20970,PINK FLORAL FELTCRAFT SHOULDER BAG,1,2011-05-26 10:44:00,7.46,,United Kingdom
554714,20986,BLUE CALCULATOR RULER,6,2011-05-26 10:44:00,2.46,,United Kingdom
554714,21126,SET OF 6 GIRLS CELEBRATION CANDLES,1,2011-05-26 10:44:00,2.46,,United Kingdom
554714,21166,COOK WITH WINE METAL SIGN ,1,2011-05-26 10:44:00,4.13,,United Kingdom
554714,21169,YOU'RE CONFUSING ME METAL SIGN ,1,2011-05-26 10:44:00,4.13,,United Kingdom
554714,21174,POTTERING IN THE SHED METAL SIGN,1,2011-05-26 10:44:00,4.13,,United Kingdom
554714,21205,MULTICOLOUR 3D BALLS GARLAND,2,2011-05-26 10:44:00,4.96,,United Kingdom
554714,21218,RED SPOTTY BISCUIT TIN,1,2011-05-26 10:44:00,8.29,,United Kingdom
554714,21430,SET/3 RED GINGHAM ROSE STORAGE BOX,1,2011-05-26 10:44:00,7.46,,United Kingdom
554714,21558,SKULL LUNCH BOX WITH CUTLERY ,1,2011-05-26 10:44:00,4.96,,United Kingdom
554714,21578,WOODLAND DESIGN  COTTON TOTE BAG,2,2011-05-26 10:44:00,4.96,,United Kingdom
554714,21679,SKULLS  STICKERS,1,2011-05-26 10:44:00,1.63,,United Kingdom
554714,21714,CITRONELLA CANDLE GARDEN POT,5,2011-05-26 10:44:00,2.46,,United Kingdom
554714,21889,WOODEN BOX OF DOMINOES,1,2011-05-26 10:44:00,3.29,,United Kingdom
554714,21916,SET 12 RETRO WHITE CHALK STICKS,1,2011-05-26 10:44:00,0.79,,United Kingdom
554714,21931,JUMBO STORAGE BAG SUKI,7,2011-05-26 10:44:00,4.13,,United Kingdom
554714,21974,SET OF 36 PAISLEY FLOWER DOILIES,1,2011-05-26 10:44:00,3.75,,United Kingdom
554714,22041,"RECORD FRAME 7"" SINGLE SIZE ",20,2011-05-26 10:44:00,4.96,,United Kingdom
554714,22083,PAPER CHAIN KIT RETROSPOT,2,2011-05-26 10:44:00,6.63,,United Kingdom
554714,22197,SMALL POPCORN HOLDER,2,2011-05-26 10:44:00,1.63,,United Kingdom
554714,22358,KINGS CHOICE TEA CADDY ,1,2011-05-26 10:44:00,5.79,,United Kingdom
554714,22379,RECYCLING BAG RETROSPOT ,1,2011-05-26 10:44:00,4.96,,United Kingdom
554714,22381,TOY TIDY PINK POLKADOT,1,2011-05-26 10:44:00,4.96,,United Kingdom
554714,22385,JUMBO BAG SPACEBOY DESIGN,1,2011-05-26 10:44:00,4.13,,United Kingdom
554714,22386,JUMBO BAG PINK POLKADOT,2,2011-05-26 10:44:00,4.13,,United Kingdom
554714,22411,JUMBO SHOPPER VINTAGE RED PAISLEY,9,2011-05-26 10:44:00,4.13,,United Kingdom
554714,22423,REGENCY CAKESTAND 3 TIER,1,2011-05-26 10:44:00,24.96,,United Kingdom
554714,22502,PICNIC BASKET WICKER SMALL,1,2011-05-26 10:44:00,8.29,,United Kingdom
554714,22630,DOLLY GIRL LUNCH BOX,1,2011-05-26 10:44:00,2.46,,United Kingdom
554714,22670,FRENCH WC SIGN BLUE METAL,1,2011-05-26 10:44:00,2.46,,United Kingdom
554714,22697,GREEN REGENCY TEACUP AND SAUCER,1,2011-05-26 10:44:00,5.79,,United Kingdom
554714,22698,PINK REGENCY TEACUP AND SAUCER,1,2011-05-26 10:44:00,5.79,,United Kingdom
554714,22699,ROSES REGENCY TEACUP AND SAUCER ,1,2011-05-26 10:44:00,5.79,,United Kingdom
554714,22722,SET OF 6 SPICE TINS PANTRY DESIGN,1,2011-05-26 10:44:00,8.29,,United Kingdom
554714,22776,SWEETHEART CAKESTAND 3 TIER,1,2011-05-26 10:44:00,19.96,,United Kingdom
554714,23112,PARISIENNE CURIO CABINET,1,2011-05-26 10:44:00,14.96,,United Kingdom
554714,23146,TRIPLE HOOK ANTIQUE IVORY ROSE,1,2011-05-26 10:44:00,6.63,,United Kingdom
554714,23147,SINGLE ANTIQUE ROSE HOOK IVORY,1,2011-05-26 10:44:00,3.29,,United Kingdom
554714,23199,JUMBO BAG APPLES,1,2011-05-26 10:44:00,4.13,,United Kingdom
554714,23256,CHILDRENS CUTLERY SPACEBOY ,1,2011-05-26 10:44:00,8.29,,United Kingdom
554714,23283,DOORMAT VINTAGE LEAVES DESIGN ,1,2011-05-26 10:44:00,15.79,,United Kingdom
554714,47566b,TEA TIME PARTY BUNTING,4,2011-05-26 10:44:00,8.29,,United Kingdom
554714,47591d,PINK FAIRY CAKE CHILDRENS APRON,1,2011-05-26 10:44:00,4.96,,United Kingdom
554714,82580,BATHROOM METAL SIGN,2,2011-05-26 10:44:00,1.25,,United Kingdom
554714,84378,SET OF 3 HEART COOKIE CUTTERS,1,2011-05-26 10:44:00,3.29,,United Kingdom
554714,84380,SET OF 3 BUTTERFLY COOKIE CUTTERS,1,2011-05-26 10:44:00,3.29,,United Kingdom
554714,84509a,SET OF 4 ENGLISH ROSE PLACEMATS,1,2011-05-26 10:44:00,7.46,,United Kingdom
554714,84510a,SET OF 4 ENGLISH ROSE COASTERS,1,2011-05-26 10:44:00,2.46,,United Kingdom
554714,84596f,SMALL MARSHMALLOWS PINK BOWL,1,2011-05-26 10:44:00,2.46,,United Kingdom
554714,84596l,BISCUITS SMALL BOWL LIGHT BLUE,1,2011-05-26 10:44:00,2.46,,United Kingdom
554714,84755,COLOUR GLASS T-LIGHT HOLDER HANGING,4,2011-05-26 10:44:00,1.24,,United Kingdom
554714,84917,WHITE HAND TOWEL WITH BUTTERFLY,1,2011-05-26 10:44:00,11.63,,United Kingdom
554714,85040a,S/4 PINK FLOWER CANDLES IN BOWL,1,2011-05-26 10:44:00,3.29,,United Kingdom
554714,DOT,DOTCOM POSTAGE,1,2011-05-26 10:44:00,155.25,,United Kingdom
C554715,22061,LARGE CAKE STAND  HANGING STRAWBERY,-1,2011-05-26 11:02:00,9.95,13658.0,United Kingdom
C554715,22423,REGENCY CAKESTAND 3 TIER,-3,2011-05-26 11:02:00,12.75,13658.0,United Kingdom
C554715,21231,SWEETHEART CERAMIC TRINKET BOX,-2,2011-05-26 11:02:00,1.25,13658.0,United Kingdom
C554716,22662,LUNCH BAG DOLLY GIRL DESIGN,-1,2011-05-26 11:03:00,1.65,,United Kingdom
C554716,23206,LUNCH BAG APPLE DESIGN,-1,2011-05-26 11:03:00,1.65,,United Kingdom
C554717,22423,REGENCY CAKESTAND 3 TIER,-9,2011-05-26 11:04:00,10.95,13089.0,United Kingdom
C554717,84949,SILVER HANGING T-LIGHT HOLDER,-12,2011-05-26 11:04:00,1.45,13089.0,United Kingdom
554718,21756,BATH BUILDING BLOCK WORD,3,2011-05-26 11:16:00,5.95,12942.0,United Kingdom
554718,21755,LOVE BUILDING BLOCK WORD,3,2011-05-26 11:16:00,5.95,12942.0,United Kingdom
554718,84879,ASSORTED COLOUR BIRD ORNAMENT,8,2011-05-26 11:16:00,1.69,12942.0,United Kingdom
554718,21625,VINTAGE UNION JACK APRON,3,2011-05-26 11:16:00,6.95,12942.0,United Kingdom
554718,23099,FRENCH CARRIAGE LANTERN,2,2011-05-26 11:16:00,6.65,12942.0,United Kingdom
554718,21735,TWO DOOR CURIO CABINET,2,2011-05-26 11:16:00,12.75,12942.0,United Kingdom
554718,23110,PARISIENNE KEY CABINET ,2,2011-05-26 11:16:00,5.75,12942.0,United Kingdom
554718,82552,WASHROOM METAL SIGN,12,2011-05-26 11:16:00,1.45,12942.0,United Kingdom
554756,47566,PARTY BUNTING,8,2011-05-26 11:36:00,4.95,16837.0,United Kingdom
554756,84821,DANISH ROSE DELUXE COASTER,12,2011-05-26 11:36:00,0.85,16837.0,United Kingdom
554756,82583,HOT BATHS METAL SIGN,12,2011-05-26 11:36:00,2.1,16837.0,United Kingdom
554762,22470,HEART OF WICKER LARGE,6,2011-05-26 11:37:00,2.95,16837.0,United Kingdom
554762,23170,REGENCY TEA PLATE ROSES ,12,2011-05-26 11:37:00,1.65,16837.0,United Kingdom
554762,23171,REGENCY TEA PLATE GREEN ,12,2011-05-26 11:37:00,1.65,16837.0,United Kingdom
554762,23172,REGENCY TEA PLATE PINK,12,2011-05-26 11:37:00,1.65,16837.0,United Kingdom
554762,23174,REGENCY SUGAR BOWL GREEN,6,2011-05-26 11:37:00,4.15,16837.0,United Kingdom
554762,23173,REGENCY TEAPOT ROSES ,2,2011-05-26 11:37:00,9.95,16837.0,United Kingdom
554762,23175,REGENCY MILK JUG PINK ,4,2011-05-26 11:37:00,3.25,16837.0,United Kingdom
554762,20840,FRENCH FLORAL CUSHION COVER ,12,2011-05-26 11:37:00,0.85,16837.0,United Kingdom
554762,22759,SET OF 3 NOTEBOOKS IN PARCEL,12,2011-05-26 11:37:00,1.65,16837.0,United Kingdom
554762,22180,RETROSPOT LAMP,1,2011-05-26 11:37:00,9.95,16837.0,United Kingdom
554762,85232D,SET/3 DECOUPAGE STACKING TINS,3,2011-05-26 11:37:00,4.95,16837.0,United Kingdom
554762,21621,VINTAGE UNION JACK BUNTING,6,2011-05-26 11:37:00,8.5,16837.0,United Kingdom
554762,21672,WHITE SPOT RED CERAMIC DRAWER KNOB,12,2011-05-26 11:37:00,1.25,16837.0,United Kingdom
554762,21673,WHITE SPOT BLUE CERAMIC DRAWER KNOB,12,2011-05-26 11:37:00,1.25,16837.0,United Kingdom
554762,21669,BLUE STRIPE CERAMIC DRAWER KNOB,12,2011-05-26 11:37:00,1.25,16837.0,United Kingdom
554762,21668,RED STRIPE CERAMIC DRAWER KNOB,12,2011-05-26 11:37:00,1.25,16837.0,United Kingdom
554762,22469,HEART OF WICKER SMALL,12,2011-05-26 11:37:00,1.65,16837.0,United Kingdom
554765,22457,NATURAL SLATE HEART CHALKBOARD ,6,2011-05-26 11:38:00,2.95,16837.0,United Kingdom
554765,22831,WHITE BROCANTE SOAP DISH,6,2011-05-26 11:38:00,2.95,16837.0,United Kingdom
554765,22362,GLASS JAR PEACOCK BATH SALTS,6,2011-05-26 11:38:00,2.95,16837.0,United Kingdom
554765,85053,FRENCH ENAMEL CANDLEHOLDER,6,2011-05-26 11:38:00,2.1,16837.0,United Kingdom
554765,84832,ZINC WILLIE WINKIE  CANDLE STICK,12,2011-05-26 11:38:00,0.85,16837.0,United Kingdom
554765,22171,3 HOOK PHOTO SHELF ANTIQUE WHITE,2,2011-05-26 11:38:00,8.5,16837.0,United Kingdom
554765,22797,CHEST OF DRAWERS GINGHAM HEART ,1,2011-05-26 11:38:00,16.95,16837.0,United Kingdom
554765,22487,WHITE WOOD GARDEN PLANT LADDER,2,2011-05-26 11:38:00,9.95,16837.0,United Kingdom
554765,48187,DOORMAT NEW ENGLAND,2,2011-05-26 11:38:00,7.95,16837.0,United Kingdom
554765,21524,DOORMAT SPOTTY HOME SWEET HOME,2,2011-05-26 11:38:00,7.95,16837.0,United Kingdom
554765,21259,VICTORIAN SEWING BOX SMALL ,2,2011-05-26 11:38:00,5.95,16837.0,United Kingdom
554765,23111,PARISIENNE SEWING BOX,1,2011-05-26 11:38:00,12.5,16837.0,United Kingdom
554765,22794,SWEETHEART WIRE MAGAZINE RACK,2,2011-05-26 11:38:00,7.95,16837.0,United Kingdom
554765,84818,DANISH ROSE PHOTO FRAME,6,2011-05-26 11:38:00,2.55,16837.0,United Kingdom
554765,84836,ZINC METAL HEART DECORATION,12,2011-05-26 11:38:00,1.25,16837.0,United Kingdom
554765,22558,CLOTHES PEGS RETROSPOT PACK 24 ,12,2011-05-26 11:38:00,1.65,16837.0,United Kingdom
554765,21906,PHARMACIE FIRST AID TIN,2,2011-05-26 11:38:00,6.75,16837.0,United Kingdom
554765,21781,MA CAMPAGNE CUTLERY BOX,1,2011-05-26 11:38:00,14.95,16837.0,United Kingdom
554765,21531,RED RETROSPOT SUGAR JAM BOWL,6,2011-05-26 11:38:00,2.55,16837.0,United Kingdom
554765,21535,RED RETROSPOT SMALL MILK JUG,6,2011-05-26 11:38:00,2.55,16837.0,United Kingdom
554765,84926D,LA PALMIERA TILE COASTER,12,2011-05-26 11:38:00,1.25,16837.0,United Kingdom
554765,85015,SET OF 12  VINTAGE POSTCARD SET,24,2011-05-26 11:38:00,0.65,16837.0,United Kingdom
554770,84077,WORLD WAR 2 GLIDERS ASSTD DESIGNS,96,2011-05-26 11:40:00,0.29,14911.0,EIRE
554770,22407,MONEY BOX FIRST ADE DESIGN,12,2011-05-26 11:40:00,1.25,14911.0,EIRE
554770,22409,MONEY BOX BISCUITS DESIGN,12,2011-05-26 11:40:00,1.25,14911.0,EIRE
554770,22405,MONEY BOX POCKET MONEY DESIGN,12,2011-05-26 11:40:00,1.25,14911.0,EIRE
554770,23133,LARGE IVORY HEART WALL ORGANISER,2,2011-05-26 11:40:00,8.25,14911.0,EIRE
554770,85123A,WHITE HANGING HEART T-LIGHT HOLDER,6,2011-05-26 11:40:00,2.95,14911.0,EIRE
554770,22743,MAKE YOUR OWN FLOWERPOWER CARD KIT,6,2011-05-26 11:40:00,2.95,14911.0,EIRE
554770,22749,FELTCRAFT PRINCESS CHARLOTTE DOLL,4,2011-05-26 11:40:00,3.75,14911.0,EIRE
554770,22750,FELTCRAFT PRINCESS LOLA DOLL,4,2011-05-26 11:40:00,3.75,14911.0,EIRE
554770,22550,HOLIDAY FUN LUDO,4,2011-05-26 11:40:00,3.75,14911.0,EIRE
554770,22197,SMALL POPCORN HOLDER,24,2011-05-26 11:40:00,0.85,14911.0,EIRE
554770,21913,VINTAGE SEASIDE JIGSAW PUZZLES,4,2011-05-26 11:40:00,3.75,14911.0,EIRE
554770,20724,RED RETROSPOT CHARLOTTE BAG,10,2011-05-26 11:40:00,0.85,14911.0,EIRE
554770,20723,STRAWBERRY CHARLOTTE BAG,10,2011-05-26 11:40:00,0.85,14911.0,EIRE
554770,22384,LUNCH BAG PINK POLKADOT,10,2011-05-26 11:40:00,1.65,14911.0,EIRE
554770,20728,LUNCH BAG CARS BLUE,10,2011-05-26 11:40:00,1.65,14911.0,EIRE
554770,20725,LUNCH BAG RED RETROSPOT,10,2011-05-26 11:40:00,1.65,14911.0,EIRE
554770,23209,LUNCH BAG DOILEY PATTERN ,10,2011-05-26 11:40:00,1.65,14911.0,EIRE
554770,21932,SCANDINAVIAN PAISLEY PICNIC BAG,10,2011-05-26 11:40:00,1.65,14911.0,EIRE
554770,21937,STRAWBERRY   PICNIC BAG,10,2011-05-26 11:40:00,2.95,14911.0,EIRE
554770,21936,RED RETROSPOT PICNIC BAG,10,2011-05-26 11:40:00,2.95,14911.0,EIRE
554770,23168,CLASSIC CAFE SUGAR DISPENSER,12,2011-05-26 11:40:00,1.25,14911.0,EIRE
554770,22625,RED KITCHEN SCALES,2,2011-05-26 11:40:00,8.5,14911.0,EIRE
554770,22624,IVORY KITCHEN SCALES,2,2011-05-26 11:40:00,8.5,14911.0,EIRE
554770,23165,LARGE CERAMIC TOP STORAGE JAR,12,2011-05-26 11:40:00,1.65,14911.0,EIRE
554770,C2,CARRIAGE,1,2011-05-26 11:40:00,50.0,14911.0,EIRE
554776,22961,JAM MAKING SET PRINTED,4,2011-05-26 11:43:00,1.45,14911.0,EIRE
C554781,21929,JUMBO BAG PINK VINTAGE PAISLEY,-1,2011-05-26 11:44:00,1.95,14245.0,United Kingdom
554787,21175,GIN + TONIC DIET METAL SIGN,4,2011-05-26 11:51:00,2.55,16356.0,United Kingdom
554787,22413,METAL SIGN TAKE IT OR LEAVE IT ,4,2011-05-26 11:51:00,2.95,16356.0,United Kingdom
554787,21770,OPEN CLOSED METAL SIGN,3,2011-05-26 11:51:00,4.95,16356.0,United Kingdom
554787,82552,WASHROOM METAL SIGN,2,2011-05-26 11:51:00,1.45,16356.0,United Kingdom
554787,21905,MORE BUTTER METAL SIGN ,2,2011-05-26 11:51:00,2.1,16356.0,United Kingdom
554787,21908,CHOCOLATE THIS WAY METAL SIGN,2,2011-05-26 11:51:00,2.1,16356.0,United Kingdom
554787,21174,POTTERING IN THE SHED METAL SIGN,2,2011-05-26 11:51:00,2.08,16356.0,United Kingdom
554787,21165,BEWARE OF THE CAT METAL SIGN ,4,2011-05-26 11:51:00,1.69,16356.0,United Kingdom
554787,21172,PARTY METAL SIGN ,3,2011-05-26 11:51:00,1.45,16356.0,United Kingdom
554787,82567,"AIRLINE LOUNGE,METAL SIGN",2,2011-05-26 11:51:00,2.1,16356.0,United Kingdom
554787,85152,HAND OVER THE CHOCOLATE   SIGN ,3,2011-05-26 11:51:00,2.1,16356.0,United Kingdom
554787,82582,AREA PATROLLED METAL SIGN,4,2011-05-26 11:51:00,2.1,16356.0,United Kingdom
554787,82583,HOT BATHS METAL SIGN,7,2011-05-26 11:51:00,2.1,16356.0,United Kingdom
554787,82600,NO SINGING METAL SIGN,3,2011-05-26 11:51:00,2.1,16356.0,United Kingdom
554787,82551,LAUNDRY 15C METAL SIGN,3,2011-05-26 11:51:00,1.45,16356.0,United Kingdom
554788,85066,CREAM SWEETHEART MINI CHEST,2,2011-05-26 12:00:00,12.75,12987.0,United Kingdom
554788,22794,SWEETHEART WIRE MAGAZINE RACK,2,2011-05-26 12:00:00,7.95,12987.0,United Kingdom
554788,22502,PICNIC BASKET WICKER SMALL,4,2011-05-26 12:00:00,5.95,12987.0,United Kingdom
554788,23298,SPOTTY BUNTING,3,2011-05-26 12:00:00,4.95,12987.0,United Kingdom
554788,22624,IVORY KITCHEN SCALES,2,2011-05-26 12:00:00,8.5,12987.0,United Kingdom
554788,23064,CINDERELLA CHANDELIER ,1,2011-05-26 12:00:00,49.95,12987.0,United Kingdom
554788,22178,VICTORIAN GLASS HANGING T-LIGHT,12,2011-05-26 12:00:00,1.25,12987.0,United Kingdom
554788,23227,FILIGREE HEART BUTTERFLY WHITE ,24,2011-05-26 12:00:00,1.25,12987.0,United Kingdom
554788,23108,SET OF 10 LED DOLLY LIGHTS,4,2011-05-26 12:00:00,6.25,12987.0,United Kingdom
554788,22962,JAM JAR WITH PINK LID,12,2011-05-26 12:00:00,0.85,12987.0,United Kingdom
554788,84755,COLOUR GLASS T-LIGHT HOLDER HANGING,16,2011-05-26 12:00:00,0.65,12987.0,United Kingdom
554788,23110,PARISIENNE KEY CABINET ,2,2011-05-26 12:00:00,5.75,12987.0,United Kingdom
554788,22470,HEART OF WICKER LARGE,12,2011-05-26 12:00:00,2.95,12987.0,United Kingdom
554788,22469,HEART OF WICKER SMALL,12,2011-05-26 12:00:00,1.65,12987.0,United Kingdom
554789,22491,PACK OF 12 COLOURED PENCILS,96,2011-05-26 12:07:00,0.85,16966.0,United Kingdom
554789,22489,PACK OF 12 TRADITIONAL CRAYONS,144,2011-05-26 12:07:00,0.42,16966.0,United Kingdom
554789,22561,WOODEN SCHOOL COLOURING SET,48,2011-05-26 12:07:00,1.65,16966.0,United Kingdom
554789,21703,BAG 125g SWIRLY MARBLES,120,2011-05-26 12:07:00,0.42,16966.0,United Kingdom
554789,21891,TRADITIONAL WOODEN SKIPPING ROPE,72,2011-05-26 12:07:00,1.45,16966.0,United Kingdom
554789,22560,TRADITIONAL MODELLING CLAY,48,2011-05-26 12:07:00,1.06,16966.0,United Kingdom
C554790,22961,JAM MAKING SET PRINTED,-4,2011-05-26 12:10:00,1.45,14911.0,EIRE
554791,22961,JAM MAKING SET PRINTED,4,2011-05-26 12:12:00,1.45,14911.0,EIRE
554792,21080,SET/20 RED RETROSPOT PAPER NAPKINS ,24,2011-05-26 12:38:00,0.85,12547.0,Spain
554792,POST,POSTAGE,1,2011-05-26 12:38:00,28.0,12547.0,Spain
554794,23209,LUNCH BAG DOILEY PATTERN ,10,2011-05-26 12:41:00,1.65,12720.0,Germany
554794,23203,JUMBO BAG DOILEY PATTERNS,10,2011-05-26 12:41:00,2.08,12720.0,Germany
554794,22963,JAM JAR WITH GREEN LID,12,2011-05-26 12:41:00,0.85,12720.0,Germany
554794,22962,JAM JAR WITH PINK LID,12,2011-05-26 12:41:00,0.85,12720.0,Germany
554794,22961,JAM MAKING SET PRINTED,12,2011-05-26 12:41:00,1.45,12720.0,Germany
554794,23118,PARISIENNE JEWELLERY DRAWER ,2,2011-05-26 12:41:00,7.5,12720.0,Germany
554794,23111,PARISIENNE SEWING BOX,2,2011-05-26 12:41:00,12.5,12720.0,Germany
554794,23112,PARISIENNE CURIO CABINET,2,2011-05-26 12:41:00,7.5,12720.0,Germany
554794,23110,PARISIENNE KEY CABINET ,2,2011-05-26 12:41:00,5.75,12720.0,Germany
554794,21980,PACK OF 12 RED RETROSPOT TISSUES ,24,2011-05-26 12:41:00,0.29,12720.0,Germany
554794,21986,PACK OF 12 PINK POLKADOT TISSUES,24,2011-05-26 12:41:00,0.29,12720.0,Germany
554794,85017B,ENVELOPE 50 BLOSSOM IMAGES,24,2011-05-26 12:41:00,0.42,12720.0,Germany
554794,21088,SET/6 FRUIT SALAD PAPER CUPS,24,2011-05-26 12:41:00,0.19,12720.0,Germany
554794,21096,SET/6 FRUIT SALAD  PAPER PLATES,24,2011-05-26 12:41:00,0.39,12720.0,Germany
554794,POST,POSTAGE,2,2011-05-26 12:41:00,18.0,12720.0,Germany
C554793,84077,WORLD WAR 2 GLIDERS ASSTD DESIGNS,-96,2011-05-26 12:41:00,0.11,12901.0,United Kingdom
554795,20718,RED RETROSPOT SHOPPER BAG,10,2011-05-26 12:46:00,1.25,14210.0,United Kingdom
554795,21155,RED RETROSPOT PEG BAG,6,2011-05-26 12:46:00,2.55,14210.0,United Kingdom
554795,21533,RETROSPOT LARGE MILK JUG,6,2011-05-26 12:46:00,4.95,14210.0,United Kingdom
554795,21539,RED RETROSPOT BUTTER DISH,6,2011-05-26 12:46:00,4.95,14210.0,United Kingdom
554795,22072,RED RETROSPOT TEA CUP AND SAUCER ,4,2011-05-26 12:46:00,3.75,14210.0,United Kingdom
554795,23298,SPOTTY BUNTING,6,2011-05-26 12:46:00,4.95,14210.0,United Kingdom
554795,47566,PARTY BUNTING,4,2011-05-26 12:46:00,4.95,14210.0,United Kingdom
554795,47566B,TEA TIME PARTY BUNTING,4,2011-05-26 12:46:00,4.95,14210.0,United Kingdom
554795,22429,ENAMEL MEASURING JUG CREAM,4,2011-05-26 12:46:00,4.25,14210.0,United Kingdom
554795,21733,RED HANGING HEART T-LIGHT HOLDER,6,2011-05-26 12:46:00,2.95,14210.0,United Kingdom
554795,84509A,SET OF 4 ENGLISH ROSE PLACEMATS,4,2011-05-26 12:46:00,3.75,14210.0,United Kingdom
554795,20717,STRAWBERRY SHOPPER BAG,10,2011-05-26 12:46:00,1.25,14210.0,United Kingdom
554795,22359,GLASS JAR KINGS CHOICE,6,2011-05-26 12:46:00,2.95,14210.0,United Kingdom
554795,85123A,WHITE HANGING HEART T-LIGHT HOLDER,6,2011-05-26 12:46:00,2.95,14210.0,United Kingdom
554795,82580,BATHROOM METAL SIGN,12,2011-05-26 12:46:00,0.55,14210.0,United Kingdom
554795,82600,NO SINGING METAL SIGN,12,2011-05-26 12:46:00,2.1,14210.0,United Kingdom
554795,23284,DOORMAT KEEP CALM AND COME IN,2,2011-05-26 12:46:00,7.95,14210.0,United Kingdom
554798,22698,PINK REGENCY TEACUP AND SAUCER,48,2011-05-26 12:52:00,2.55,15189.0,United Kingdom
554798,22697,GREEN REGENCY TEACUP AND SAUCER,48,2011-05-26 12:52:00,2.55,15189.0,United Kingdom
554798,23110,PARISIENNE KEY CABINET ,4,2011-05-26 12:52:00,5.75,15189.0,United Kingdom
554798,23172,REGENCY TEA PLATE PINK,48,2011-05-26 12:52:00,1.45,15189.0,United Kingdom
554798,23170,REGENCY TEA PLATE ROSES ,48,2011-05-26 12:52:00,1.45,15189.0,United Kingdom
554798,23171,REGENCY TEA PLATE GREEN ,48,2011-05-26 12:52:00,1.45,15189.0,United Kingdom
554798,22699,ROSES REGENCY TEACUP AND SAUCER ,24,2011-05-26 12:52:00,2.55,15189.0,United Kingdom
554798,23174,REGENCY SUGAR BOWL GREEN,8,2011-05-26 12:52:00,4.15,15189.0,United Kingdom
554798,47566,PARTY BUNTING,8,2011-05-26 12:52:00,4.95,15189.0,United Kingdom
554808,21922,UNION STRIPE WITH FRINGE  HAMMOCK,2,2011-05-26 13:01:00,7.95,17059.0,United Kingdom
554808,82582,AREA PATROLLED METAL SIGN,3,2011-05-26 13:01:00,2.1,17059.0,United Kingdom
554808,82583,HOT BATHS METAL SIGN,1,2011-05-26 13:01:00,2.1,17059.0,United Kingdom
554808,21164,HOME SWEET HOME METAL SIGN ,1,2011-05-26 13:01:00,2.95,17059.0,United Kingdom
554808,21166,COOK WITH WINE METAL SIGN ,1,2011-05-26 13:01:00,2.08,17059.0,United Kingdom
554808,21908,CHOCOLATE THIS WAY METAL SIGN,1,2011-05-26 13:01:00,2.1,17059.0,United Kingdom
554808,21172,PARTY METAL SIGN ,2,2011-05-26 13:01:00,1.45,17059.0,United Kingdom
554808,21165,BEWARE OF THE CAT METAL SIGN ,1,2011-05-26 13:01:00,1.69,17059.0,United Kingdom
554808,22138,BAKING SET 9 PIECE RETROSPOT ,1,2011-05-26 13:01:00,4.95,17059.0,United Kingdom
554808,20750,RED RETROSPOT MINI CASES,1,2011-05-26 13:01:00,7.95,17059.0,United Kingdom
554808,84755,COLOUR GLASS T-LIGHT HOLDER HANGING,16,2011-05-26 13:01:00,0.65,17059.0,United Kingdom
554808,23076,ICE CREAM SUNDAE LIP GLOSS,24,2011-05-26 13:01:00,1.25,17059.0,United Kingdom
554808,85099F,JUMBO BAG STRAWBERRY,3,2011-05-26 13:01:00,2.08,17059.0,United Kingdom
554808,23199,JUMBO BAG APPLES,2,2011-05-26 13:01:00,2.08,17059.0,United Kingdom
554808,20711,JUMBO BAG TOYS ,1,2011-05-26 13:01:00,2.08,17059.0,United Kingdom
554808,23201,JUMBO BAG ALPHABET,1,2011-05-26 13:01:00,2.08,17059.0,United Kingdom
554808,21931,JUMBO STORAGE BAG SUKI,2,2011-05-26 13:01:00,2.08,17059.0,United Kingdom
554808,20712,JUMBO BAG WOODLAND ANIMALS,1,2011-05-26 13:01:00,2.08,17059.0,United Kingdom
554808,22385,JUMBO BAG SPACEBOY DESIGN,1,2011-05-26 13:01:00,2.08,17059.0,United Kingdom
554808,21929,JUMBO BAG PINK VINTAGE PAISLEY,1,2011-05-26 13:01:00,2.08,17059.0,United Kingdom
554808,21928,JUMBO BAG SCANDINAVIAN BLUE PAISLEY,1,2011-05-26 13:01:00,2.08,17059.0,United Kingdom
554808,22386,JUMBO BAG PINK POLKADOT,2,2011-05-26 13:01:00,2.08,17059.0,United Kingdom
554808,22411,JUMBO SHOPPER VINTAGE RED PAISLEY,2,2011-05-26 13:01:00,2.08,17059.0,United Kingdom
554808,85099B,JUMBO BAG RED RETROSPOT,2,2011-05-26 13:01:00,2.08,17059.0,United Kingdom
554808,21930,JUMBO STORAGE BAG SKULLS,2,2011-05-26 13:01:00,2.08,17059.0,United Kingdom
554808,23203,JUMBO BAG DOILEY PATTERNS,2,2011-05-26 13:01:00,2.08,17059.0,United Kingdom
554808,23200,JUMBO BAG PEARS,2,2011-05-26 13:01:00,2.08,17059.0,United Kingdom
554808,84519B,CARROT CHARLIE+LOLA COASTER SET,6,2011-05-26 13:01:00,1.25,17059.0,United Kingdom
554808,84519A,TOMATO CHARLIE+LOLA COASTER SET,6,2011-05-26 13:01:00,1.25,17059.0,United Kingdom
554808,21175,GIN + TONIC DIET METAL SIGN,1,2011-05-26 13:01:00,2.55,17059.0,United Kingdom
554808,85152,HAND OVER THE CHOCOLATE   SIGN ,1,2011-05-26 13:01:00,2.1,17059.0,United Kingdom
554808,22664,TOY TIDY DOLLY GIRL DESIGN,1,2011-05-26 13:01:00,2.1,17059.0,United Kingdom
554808,47591D,PINK FAIRY CAKE CHILDRENS APRON,2,2011-05-26 13:01:00,1.95,17059.0,United Kingdom
554808,22899,CHILDREN'S APRON DOLLY GIRL ,1,2011-05-26 13:01:00,2.1,17059.0,United Kingdom
554808,22896,PEG BAG APPLES DESIGN,1,2011-05-26 13:01:00,2.55,17059.0,United Kingdom
554808,21155,RED RETROSPOT PEG BAG,1,2011-05-26 13:01:00,2.55,17059.0,United Kingdom
554808,21623,VINTAGE UNION JACK MEMOBOARD,2,2011-05-26 13:01:00,9.95,17059.0,United Kingdom
554808,20728,LUNCH BAG CARS BLUE,2,2011-05-26 13:01:00,1.65,17059.0,United Kingdom
554808,22662,LUNCH BAG DOLLY GIRL DESIGN,2,2011-05-26 13:01:00,1.65,17059.0,United Kingdom
554808,20726,LUNCH BAG WOODLAND,2,2011-05-26 13:01:00,1.65,17059.0,United Kingdom
554808,22383,LUNCH BAG SUKI DESIGN ,2,2011-05-26 13:01:00,1.65,17059.0,United Kingdom
554808,23208,LUNCH BAG VINTAGE LEAF DESIGN,1,2011-05-26 13:01:00,1.65,17059.0,United Kingdom
554808,23207,LUNCH BAG ALPHABET DESIGN,2,2011-05-26 13:01:00,1.65,17059.0,United Kingdom
554808,20725,LUNCH BAG RED RETROSPOT,3,2011-05-26 13:01:00,1.65,17059.0,United Kingdom
554808,22384,LUNCH BAG PINK POLKADOT,3,2011-05-26 13:01:00,1.65,17059.0,United Kingdom
554808,20727,LUNCH BAG  BLACK SKULL.,2,2011-05-26 13:01:00,1.65,17059.0,United Kingdom
554808,23206,LUNCH BAG APPLE DESIGN,3,2011-05-26 13:01:00,1.65,17059.0,United Kingdom
554808,21936,RED RETROSPOT PICNIC BAG,2,2011-05-26 13:01:00,2.95,17059.0,United Kingdom
554808,21937,STRAWBERRY   PICNIC BAG,2,2011-05-26 13:01:00,2.95,17059.0,United Kingdom
554808,21932,SCANDINAVIAN PAISLEY PICNIC BAG,1,2011-05-26 13:01:00,1.65,17059.0,United Kingdom
554808,21034,REX CASH+CARRY JUMBO SHOPPER,1,2011-05-26 13:01:00,0.95,17059.0,United Kingdom
554808,21136,PAINTED METAL PEARS ASSORTED,8,2011-05-26 13:01:00,1.69,17059.0,United Kingdom
554808,84879,ASSORTED COLOUR BIRD ORNAMENT,8,2011-05-26 13:01:00,1.69,17059.0,United Kingdom
554808,47590B,PINK HAPPY BIRTHDAY BUNTING,2,2011-05-26 13:01:00,5.45,17059.0,United Kingdom
554808,47590A,BLUE HAPPY BIRTHDAY BUNTING,2,2011-05-26 13:01:00,5.45,17059.0,United Kingdom
554808,47566B,TEA TIME PARTY BUNTING,2,2011-05-26 13:01:00,4.95,17059.0,United Kingdom
554808,21621,VINTAGE UNION JACK BUNTING,3,2011-05-26 13:01:00,8.5,17059.0,United Kingdom
554809,23144,ZINC T-LIGHT HOLDER STARS SMALL,12,2011-05-26 13:13:00,0.83,16838.0,United Kingdom
554809,23086,ZINC STAR T-LIGHT HOLDER ,8,2011-05-26 13:13:00,1.25,16838.0,United Kingdom
554809,71477,COLOUR GLASS. STAR T-LIGHT HOLDER,4,2011-05-26 13:13:00,3.25,16838.0,United Kingdom
554809,23073,GEORGIAN TRINKET BOX,1,2011-05-26 13:13:00,12.5,16838.0,United Kingdom
554809,23060,HEART BEADED TRELLIS DECORATION,6,2011-05-26 13:13:00,2.08,16838.0,United Kingdom
554809,23068,ALUMINIUM HEART,6,2011-05-26 13:13:00,2.49,16838.0,United Kingdom
554809,23147,SINGLE ANTIQUE ROSE HOOK IVORY,12,2011-05-26 13:13:00,1.45,16838.0,United Kingdom
554809,23148,MINIATURE ANTIQUE ROSE HOOK IVORY,12,2011-05-26 13:13:00,0.85,16838.0,United Kingdom
554809,23146,TRIPLE HOOK ANTIQUE IVORY ROSE,6,2011-05-26 13:13:00,3.29,16838.0,United Kingdom
554809,84879,ASSORTED COLOUR BIRD ORNAMENT,24,2011-05-26 13:13:00,1.69,16838.0,United Kingdom
554809,22824,3 TIER SWEETHEART GARDEN SHELF,1,2011-05-26 13:13:00,35.95,16838.0,United Kingdom
554810,22487,WHITE WOOD GARDEN PLANT LADDER,1,2011-05-26 13:16:00,9.95,14816.0,United Kingdom
554810,22925,BLUE GIANT GARDEN THERMOMETER,2,2011-05-26 13:16:00,5.95,14816.0,United Kingdom
554810,22656,VINTAGE BLUE KITCHEN CABINET,1,2011-05-26 13:16:00,125.0,14816.0,United Kingdom
554810,22655,VINTAGE RED KITCHEN CABINET,1,2011-05-26 13:16:00,125.0,14816.0,United Kingdom
554811,23203,JUMBO BAG DOILEY PATTERNS,1,2011-05-26 13:20:00,2.08,,United Kingdom
554811,23199,JUMBO BAG APPLES,1,2011-05-26 13:20:00,2.08,,United Kingdom
554812,23301,GARDENERS KNEELING PAD KEEP CALM ,6,2011-05-26 13:21:00,1.65,15005.0,United Kingdom
554812,23300,GARDENERS KNEELING PAD CUP OF TEA ,4,2011-05-26 13:21:00,1.65,15005.0,United Kingdom
554812,23302,KNEELING MAT HOUSEWORK  DESIGN,2,2011-05-26 13:21:00,1.65,15005.0,United Kingdom
554812,22197,SMALL POPCORN HOLDER,12,2011-05-26 13:21:00,0.85,15005.0,United Kingdom
554812,84596F,SMALL MARSHMALLOWS PINK BOWL,8,2011-05-26 13:21:00,0.42,15005.0,United Kingdom
554812,84596B,SMALL DOLLY MIX DESIGN ORANGE BOWL,8,2011-05-26 13:21:00,0.42,15005.0,United Kingdom
554812,37413,ICON MUG REVOLUTIONARY,2,2011-05-26 13:21:00,0.39,15005.0,United Kingdom
554812,23093,SMALL PARISIENNE HEART PHOTO FRAME ,4,2011-05-26 13:21:00,2.49,15005.0,United Kingdom
554812,23298,SPOTTY BUNTING,4,2011-05-26 13:21:00,4.95,15005.0,United Kingdom
554812,22223,CAKE PLATE LOVEBIRD PINK,1,2011-05-26 13:21:00,4.95,15005.0,United Kingdom
554812,20914,SET/5 RED RETROSPOT LID GLASS BOWLS,2,2011-05-26 13:21:00,2.95,15005.0,United Kingdom
554812,21232,STRAWBERRY CERAMIC TRINKET BOX,4,2011-05-26 13:21:00,1.25,15005.0,United Kingdom
554812,22064,PINK DOUGHNUT TRINKET POT ,4,2011-05-26 13:21:00,1.65,15005.0,United Kingdom
554812,22329,ROUND CONTAINER SET OF 5 RETROSPOT,1,2011-05-26 13:21:00,1.65,15005.0,United Kingdom
554812,85132C,CHARLIE AND LOLA FIGURES TINS,3,2011-05-26 13:21:00,1.95,15005.0,United Kingdom
554812,22167, OVAL WALL MIRROR DIAMANTE ,2,2011-05-26 13:21:00,9.95,15005.0,United Kingdom
554812,22804,CANDLEHOLDER PINK HANGING HEART,1,2011-05-26 13:21:00,2.95,15005.0,United Kingdom
554812,85123A,WHITE HANGING HEART T-LIGHT HOLDER,2,2011-05-26 13:21:00,2.95,15005.0,United Kingdom
554812,82482,WOODEN PICTURE FRAME WHITE FINISH,2,2011-05-26 13:21:00,2.55,15005.0,United Kingdom
554812,22998,TRAVEL CARD WALLET KEEP CALM,18,2011-05-26 13:21:00,0.42,15005.0,United Kingdom
554812,22999,TRAVEL CARD WALLET RETRO PETALS,10,2011-05-26 13:21:00,0.42,15005.0,United Kingdom
554812,37448,CERAMIC CAKE DESIGN SPOTTED MUG,4,2011-05-26 13:21:00,1.49,15005.0,United Kingdom
554812,22659,LUNCH BOX I LOVE LONDON,3,2011-05-26 13:21:00,1.95,15005.0,United Kingdom
554812,84536A,ENGLISH ROSE NOTEBOOK A7 SIZE,6,2011-05-26 13:21:00,0.42,15005.0,United Kingdom
554812,22646,CERAMIC STRAWBERRY CAKE MONEY BANK,4,2011-05-26 13:21:00,1.45,15005.0,United Kingdom
554812,22068,BLACK PIRATE TREASURE CHEST,2,2011-05-26 13:21:00,1.65,15005.0,United Kingdom
554812,20724,RED RETROSPOT CHARLOTTE BAG,6,2011-05-26 13:21:00,0.85,15005.0,United Kingdom
554812,22356,CHARLOTTE BAG PINK POLKADOT,6,2011-05-26 13:21:00,0.85,15005.0,United Kingdom
554812,22630,DOLLY GIRL LUNCH BOX,4,2011-05-26 13:21:00,1.95,15005.0,United Kingdom
554812,23204,CHARLOTTE BAG APPLES DESIGN,10,2011-05-26 13:21:00,0.85,15005.0,United Kingdom
554812,23202,JUMBO BAG VINTAGE LEAF,3,2011-05-26 13:21:00,2.08,15005.0,United Kingdom
554812,22663,JUMBO BAG DOLLY GIRL DESIGN,3,2011-05-26 13:21:00,2.08,15005.0,United Kingdom
554812,23199,JUMBO BAG APPLES,3,2011-05-26 13:21:00,2.08,15005.0,United Kingdom
554812,23200,JUMBO BAG PEARS,4,2011-05-26 13:21:00,2.08,15005.0,United Kingdom
554812,23203,JUMBO BAG DOILEY PATTERNS,3,2011-05-26 13:21:00,2.08,15005.0,United Kingdom
554812,84508B,STRIPES DESIGN TEDDY,1,2011-05-26 13:21:00,2.55,15005.0,United Kingdom
554812,84507B,STRIPES DESIGN MONKEY DOLL,2,2011-05-26 13:21:00,2.55,15005.0,United Kingdom
554812,47566,PARTY BUNTING,3,2011-05-26 13:21:00,4.95,15005.0,United Kingdom
554812,21034,REX CASH+CARRY JUMBO SHOPPER,4,2011-05-26 13:21:00,0.95,15005.0,United Kingdom
554813,22423,REGENCY CAKESTAND 3 TIER,1,2011-05-26 13:26:00,12.75,15852.0,United Kingdom
554813,21977,PACK OF 60 PINK PAISLEY CAKE CASES,2,2011-05-26 13:26:00,0.55,15852.0,United Kingdom
554813,21976,PACK OF 60 MUSHROOM CAKE CASES,2,2011-05-26 13:26:00,0.55,15852.0,United Kingdom
554813,23170,REGENCY TEA PLATE ROSES ,2,2011-05-26 13:26:00,1.65,15852.0,United Kingdom
554813,23171,REGENCY TEA PLATE GREEN ,2,2011-05-26 13:26:00,1.65,15852.0,United Kingdom
554813,23172,REGENCY TEA PLATE PINK,2,2011-05-26 13:26:00,1.65,15852.0,United Kingdom
554813,22938,CUPCAKE LACE PAPER SET 6,1,2011-05-26 13:26:00,1.95,15852.0,United Kingdom
554813,21043,APRON MODERN VINTAGE COTTON,1,2011-05-26 13:26:00,1.95,15852.0,United Kingdom
554813,23004,TRAVEL CARD WALLET PANTRY,1,2011-05-26 13:26:00,0.42,15852.0,United Kingdom
554813,22996,TRAVEL CARD WALLET VINTAGE TICKET,1,2011-05-26 13:26:00,0.42,15852.0,United Kingdom
554813,22998,TRAVEL CARD WALLET KEEP CALM,1,2011-05-26 13:26:00,0.42,15852.0,United Kingdom
554813,22698,PINK REGENCY TEACUP AND SAUCER,2,2011-05-26 13:26:00,2.95,15852.0,United Kingdom
554813,22697,GREEN REGENCY TEACUP AND SAUCER,2,2011-05-26 13:26:00,2.95,15852.0,United Kingdom
554813,22699,ROSES REGENCY TEACUP AND SAUCER ,2,2011-05-26 13:26:00,2.95,15852.0,United Kingdom
554813,20914,SET/5 RED RETROSPOT LID GLASS BOWLS,2,2011-05-26 13:26:00,2.95,15852.0,United Kingdom
554813,84755,COLOUR GLASS T-LIGHT HOLDER HANGING,8,2011-05-26 13:26:00,0.65,15852.0,United Kingdom
554813,23168,CLASSIC CAFE SUGAR DISPENSER,1,2011-05-26 13:26:00,1.25,15852.0,United Kingdom
554813,22630,DOLLY GIRL LUNCH BOX,1,2011-05-26 13:26:00,1.95,15852.0,United Kingdom
554813,22089,PAPER BUNTING VINTAGE PAISLEY,1,2011-05-26 13:26:00,2.95,15852.0,United Kingdom
554813,21340,CLASSIC METAL BIRDCAGE PLANT HOLDER,1,2011-05-26 13:26:00,12.75,15852.0,United Kingdom
554813,22485,SET OF 2 WOODEN MARKET CRATES,2,2011-05-26 13:26:00,12.75,15852.0,United Kingdom
554814,22469,HEART OF WICKER SMALL,24,2011-05-26 13:34:00,1.65,16609.0,United Kingdom
554814,22470,HEART OF WICKER LARGE,12,2011-05-26 13:34:00,2.95,16609.0,United Kingdom
554814,22457,NATURAL SLATE HEART CHALKBOARD ,12,2011-05-26 13:34:00,2.95,16609.0,United Kingdom
554814,85123A,WHITE HANGING HEART T-LIGHT HOLDER,12,2011-05-26 13:34:00,2.95,16609.0,United Kingdom
554814,22784,LANTERN CREAM GAZEBO ,12,2011-05-26 13:34:00,4.25,16609.0,United Kingdom
554814,23099,FRENCH CARRIAGE LANTERN,4,2011-05-26 13:34:00,6.65,16609.0,United Kingdom
554814,84946,ANTIQUE SILVER T-LIGHT GLASS,12,2011-05-26 13:34:00,1.25,16609.0,United Kingdom
554814,23206,LUNCH BAG APPLE DESIGN,10,2011-05-26 13:34:00,1.65,16609.0,United Kingdom
554814,23199,JUMBO BAG APPLES,10,2011-05-26 13:34:00,2.08,16609.0,United Kingdom
554814,22379,RECYCLING BAG RETROSPOT ,10,2011-05-26 13:34:00,2.1,16609.0,United Kingdom
554814,21936,RED RETROSPOT PICNIC BAG,5,2011-05-26 13:34:00,2.95,16609.0,United Kingdom
554814,23209,LUNCH BAG DOILEY PATTERN ,10,2011-05-26 13:34:00,1.65,16609.0,United Kingdom
554814,20712,JUMBO BAG WOODLAND ANIMALS,10,2011-05-26 13:34:00,2.08,16609.0,United Kingdom
554814,20726,LUNCH BAG WOODLAND,10,2011-05-26 13:34:00,1.65,16609.0,United Kingdom
554814,20719,WOODLAND CHARLOTTE BAG,10,2011-05-26 13:34:00,0.85,16609.0,United Kingdom
554814,22355,CHARLOTTE BAG SUKI DESIGN,10,2011-05-26 13:34:00,0.85,16609.0,United Kingdom
554814,22383,LUNCH BAG SUKI DESIGN ,10,2011-05-26 13:34:00,1.65,16609.0,United Kingdom
554814,21931,JUMBO STORAGE BAG SUKI,10,2011-05-26 13:34:00,2.08,16609.0,United Kingdom
554814,20728,LUNCH BAG CARS BLUE,10,2011-05-26 13:34:00,1.65,16609.0,United Kingdom
554814,22742,MAKE YOUR OWN PLAYTIME CARD KIT,6,2011-05-26 13:34:00,2.95,16609.0,United Kingdom
554814,22743,MAKE YOUR OWN FLOWERPOWER CARD KIT,6,2011-05-26 13:34:00,2.95,16609.0,United Kingdom
554814,22991,GIRAFFE WOODEN RULER,12,2011-05-26 13:34:00,1.95,16609.0,United Kingdom
554814,84997C,CHILDRENS CUTLERY POLKADOT BLUE,4,2011-05-26 13:34:00,4.15,16609.0,United Kingdom
554814,84997A,CHILDRENS CUTLERY POLKADOT GREEN ,4,2011-05-26 13:34:00,4.15,16609.0,United Kingdom
554814,84997B,CHILDRENS CUTLERY RETROSPOT RED ,4,2011-05-26 13:34:00,4.15,16609.0,United Kingdom
554814,84997D,CHILDRENS CUTLERY POLKADOT PINK,4,2011-05-26 13:34:00,4.15,16609.0,United Kingdom
554814,23256,CHILDRENS CUTLERY SPACEBOY ,4,2011-05-26 13:34:00,4.15,16609.0,United Kingdom
554814,22382,LUNCH BAG SPACEBOY DESIGN ,10,2011-05-26 13:34:00,1.65,16609.0,United Kingdom
554814,22109,FULL ENGLISH BREAKFAST PLATE,16,2011-05-26 13:34:00,3.39,16609.0,United Kingdom
554814,22179,SET 10 NIGHT OWL LIGHTS,4,2011-05-26 13:34:00,6.75,16609.0,United Kingdom
554814,23047,PAPER LANTERN 5 POINT SEQUIN STAR,2,2011-05-26 13:34:00,5.75,16609.0,United Kingdom
554814,23048,SET OF 10 LANTERNS FAIRY LIGHT STAR,4,2011-05-26 13:34:00,4.15,16609.0,United Kingdom
554814,23082,SET 6 PAPER TABLE LANTERN HEARTS ,6,2011-05-26 13:34:00,3.75,16609.0,United Kingdom
554814,23083,SET 6 PAPER TABLE LANTERN STARS ,6,2011-05-26 13:34:00,3.75,16609.0,United Kingdom
554814,20711,JUMBO BAG TOYS ,10,2011-05-26 13:34:00,2.08,16609.0,United Kingdom
554814,85183B,CHARLIE & LOLA WASTEPAPER BIN FLORA,12,2011-05-26 13:34:00,1.25,16609.0,United Kingdom
554814,22193,RED DINER WALL CLOCK,2,2011-05-26 13:34:00,8.5,16609.0,United Kingdom
554814,22191,IVORY DINER WALL CLOCK,2,2011-05-26 13:34:00,8.5,16609.0,United Kingdom
554814,21756,BATH BUILDING BLOCK WORD,3,2011-05-26 13:34:00,5.95,16609.0,United Kingdom
554814,21754,HOME BUILDING BLOCK WORD,3,2011-05-26 13:34:00,5.95,16609.0,United Kingdom
554814,21755,LOVE BUILDING BLOCK WORD,3,2011-05-26 13:34:00,5.95,16609.0,United Kingdom
554814,85132C,CHARLIE AND LOLA FIGURES TINS,12,2011-05-26 13:34:00,1.95,16609.0,United Kingdom
554815,21733,RED HANGING HEART T-LIGHT HOLDER,32,2011-05-26 13:46:00,2.55,13798.0,United Kingdom
554815,85099C,JUMBO  BAG BAROQUE BLACK WHITE,100,2011-05-26 13:46:00,1.79,13798.0,United Kingdom
554815,47566B,TEA TIME PARTY BUNTING,50,2011-05-26 13:46:00,4.15,13798.0,United Kingdom
554815,35924,HANGING FAIRY CAKE DECORATION,72,2011-05-26 13:46:00,1.69,13798.0,United Kingdom
554816,23145,ZINC T-LIGHT HOLDER STAR LARGE,2,2011-05-26 14:01:00,0.95,17550.0,United Kingdom
554816,23144,ZINC T-LIGHT HOLDER STARS SMALL,3,2011-05-26 14:01:00,0.83,17550.0,United Kingdom
554816,21476,STEEL SWEETHEART ROUND TABLE CREAM,4,2011-05-26 14:01:00,14.95,17550.0,United Kingdom
554816,23101,SILVER STARS TABLE DECORATION,3,2011-05-26 14:01:00,0.83,17550.0,United Kingdom
554816,23102,SILVER HEARTS TABLE DECORATION,2,2011-05-26 14:01:00,0.83,17550.0,United Kingdom
554816,23108,SET OF 10 LED DOLLY LIGHTS,2,2011-05-26 14:01:00,6.25,17550.0,United Kingdom
554816,23298,SPOTTY BUNTING,2,2011-05-26 14:01:00,4.95,17550.0,United Kingdom
554816,22230,JIGSAW TREE WITH WATERING CAN,1,2011-05-26 14:01:00,0.85,17550.0,United Kingdom
554816,22173,METAL 4 HOOK HANGER FRENCH CHATEAU,3,2011-05-26 14:01:00,2.95,17550.0,United Kingdom
554817,23170,REGENCY TEA PLATE ROSES ,12,2011-05-26 14:08:00,1.65,15622.0,United Kingdom
554817,22627,MINT KITCHEN SCALES,2,2011-05-26 14:08:00,8.5,15622.0,United Kingdom
554817,22625,RED KITCHEN SCALES,2,2011-05-26 14:08:00,8.5,15622.0,United Kingdom
554817,22624,IVORY KITCHEN SCALES,2,2011-05-26 14:08:00,8.5,15622.0,United Kingdom
554817,22795,SWEETHEART RECIPE BOOK STAND,4,2011-05-26 14:08:00,6.75,15622.0,United Kingdom
554817,23082,SET 6 PAPER TABLE LANTERN HEARTS ,6,2011-05-26 14:08:00,3.75,15622.0,United Kingdom
554817,23083,SET 6 PAPER TABLE LANTERN STARS ,6,2011-05-26 14:08:00,3.75,15622.0,United Kingdom
554817,23079,TOADSTOOL BEDSIDE LIGHT ,2,2011-05-26 14:08:00,8.95,15622.0,United Kingdom
554817,23108,SET OF 10 LED DOLLY LIGHTS,2,2011-05-26 14:08:00,6.25,15622.0,United Kingdom
554817,23081,GREEN METAL BOX ARMY SUPPLIES,2,2011-05-26 14:08:00,8.25,15622.0,United Kingdom
554817,23080,RED METAL BOX TOP SECRET,2,2011-05-26 14:08:00,8.25,15622.0,United Kingdom
554817,23110,PARISIENNE KEY CABINET ,2,2011-05-26 14:08:00,5.75,15622.0,United Kingdom
554817,85099F,JUMBO BAG STRAWBERRY,10,2011-05-26 14:08:00,2.08,15622.0,United Kingdom
554817,23175,REGENCY MILK JUG PINK ,6,2011-05-26 14:08:00,3.25,15622.0,United Kingdom
554817,23174,REGENCY SUGAR BOWL GREEN,6,2011-05-26 14:08:00,4.15,15622.0,United Kingdom
554817,23173,REGENCY TEAPOT ROSES ,2,2011-05-26 14:08:00,9.95,15622.0,United Kingdom
554818,23084,RABBIT NIGHT LIGHT,12,2011-05-26 14:09:00,2.08,13199.0,United Kingdom
554818,23082,SET 6 PAPER TABLE LANTERN HEARTS ,12,2011-05-26 14:09:00,3.75,13199.0,United Kingdom
554818,22435,SET OF 9 HEART SHAPED BALLOONS,24,2011-05-26 14:09:00,1.25,13199.0,United Kingdom
554818,84946,ANTIQUE SILVER T-LIGHT GLASS,72,2011-05-26 14:09:00,1.06,13199.0,United Kingdom
554818,84947,ANTIQUE SILVER TEA GLASS ENGRAVED,72,2011-05-26 14:09:00,1.06,13199.0,United Kingdom
554818,23086,ZINC  STAR T-LIGHT HOLDER ,32,2011-05-26 14:09:00,1.25,13199.0,United Kingdom
554819,90125E,AMBER BERTIE GLASS BEAD BAG CHARM,1,2011-05-26 14:09:00,2.1,17550.0,United Kingdom
554819,90125D,PURPLE BERTIE GLASS BEAD BAG CHARM,1,2011-05-26 14:09:00,2.1,17550.0,United Kingdom
554819,90125C,TURQUOISE BERTIE GLASS BEAD CHARM,1,2011-05-26 14:09:00,2.1,17550.0,United Kingdom
554819,90125B,AQUA BERTIE GLASS BEAD BAG CHARM,1,2011-05-26 14:09:00,2.1,17550.0,United Kingdom
554819,90125A,PINK BERTIE GLASS BEAD BAG CHARM,1,2011-05-26 14:09:00,2.1,17550.0,United Kingdom
554820,22847,BREAD BIN DINER STYLE IVORY,2,2011-05-26 14:09:00,16.95,15622.0,United Kingdom
554820,23168,CLASSIC SUGAR DISPENSER,12,2011-05-26 14:09:00,1.25,15622.0,United Kingdom
554820,23200,JUMBO BAG PEARS,10,2011-05-26 14:09:00,1.95,15622.0,United Kingdom
554820,23202,JUMBO BAG VINTAGE LEAF,10,2011-05-26 14:09:00,1.95,15622.0,United Kingdom
554820,23203,JUMBO BAG DOILEY PATTERNS,10,2011-05-26 14:09:00,1.95,15622.0,United Kingdom
554821,23147,SINGLE ANTIQUE ROSE HOOK IVORY,24,2011-05-26 14:09:00,1.45,13199.0,United Kingdom
554821,23148,MINIATURE ANTIQUE ROSE HOOK IVORY,24,2011-05-26 14:09:00,0.83,13199.0,United Kingdom
554821,23146,TRIPLE HOOK ANTIQUE IVORY ROSE,4,2011-05-26 14:09:00,3.29,13199.0,United Kingdom
554822,22669,RED BABY BUNTING ,6,2011-05-26 14:17:00,2.95,12937.0,United Kingdom
554822,47590B,PINK HAPPY BIRTHDAY BUNTING,4,2011-05-26 14:17:00,5.45,12937.0,United Kingdom
554822,47590A,BLUE HAPPY BIRTHDAY BUNTING,5,2011-05-26 14:17:00,5.45,12937.0,United Kingdom
554822,21621,VINTAGE UNION JACK BUNTING,2,2011-05-26 14:17:00,8.5,12937.0,United Kingdom
554822,23298,SPOTTY BUNTING,3,2011-05-26 14:17:00,4.95,12937.0,United Kingdom
554822,47566,PARTY BUNTING,3,2011-05-26 14:17:00,4.95,12937.0,United Kingdom
554822,47566B,TEA TIME PARTY BUNTING,3,2011-05-26 14:17:00,4.95,12937.0,United Kingdom
554822,21933,PINK VINTAGE PAISLEY PICNIC BAG,10,2011-05-26 14:17:00,1.65,12937.0,United Kingdom
554822,21932,SCANDINAVIAN PAISLEY PICNIC BAG,10,2011-05-26 14:17:00,1.65,12937.0,United Kingdom
554822,20728,LUNCH BAG CARS BLUE,10,2011-05-26 14:17:00,1.65,12937.0,United Kingdom
554822,22383,LUNCH BAG SUKI DESIGN ,10,2011-05-26 14:17:00,1.65,12937.0,United Kingdom
554822,20725,LUNCH BAG RED RETROSPOT,10,2011-05-26 14:17:00,1.65,12937.0,United Kingdom
554823,22776,SWEETHEART CAKESTAND 3 TIER,2,2011-05-26 14:20:00,9.95,16624.0,United Kingdom
554823,23146,TRIPLE HOOK ANTIQUE IVORY ROSE,4,2011-05-26 14:20:00,3.29,16624.0,United Kingdom
554823,20727,LUNCH BAG  BLACK SKULL.,1,2011-05-26 14:20:00,1.65,16624.0,United Kingdom
554823,22553,PLASTERS IN TIN SKULLS,1,2011-05-26 14:20:00,1.65,16624.0,United Kingdom
554823,22623,BOX OF VINTAGE JIGSAW BLOCKS ,1,2011-05-26 14:20:00,5.95,16624.0,United Kingdom
554823,22548,HEADS AND TAILS SPORTING FUN,24,2011-05-26 14:20:00,1.25,16624.0,United Kingdom
554823,22621,TRADITIONAL KNITTING NANCY,48,2011-05-26 14:20:00,1.45,16624.0,United Kingdom
554823,23203,JUMBO BAG DOILEY PATTERNS,4,2011-05-26 14:20:00,2.08,16624.0,United Kingdom
554823,85099B,JUMBO BAG RED RETROSPOT,4,2011-05-26 14:20:00,2.08,16624.0,United Kingdom
554823,21928,JUMBO BAG SCANDINAVIAN BLUE PAISLEY,2,2011-05-26 14:20:00,2.08,16624.0,United Kingdom
554823,85123A,WHITE HANGING HEART T-LIGHT HOLDER,10,2011-05-26 14:20:00,2.95,16624.0,United Kingdom
554823,21733,RED HANGING HEART T-LIGHT HOLDER,10,2011-05-26 14:20:00,2.95,16624.0,United Kingdom
554823,21790,VINTAGE SNAP CARDS,24,2011-05-26 14:20:00,0.85,16624.0,United Kingdom
554823,48187,DOORMAT NEW ENGLAND,1,2011-05-26 14:20:00,7.95,16624.0,United Kingdom
554823,22799,SWEETHEART WIRE FRUIT BOWL,3,2011-05-26 14:20:00,8.5,16624.0,United Kingdom
554823,23107,WHITE HEARTS WIRE PLANT POT HOLDER,8,2011-05-26 14:20:00,2.89,16624.0,United Kingdom
554823,84792,ENCHANTED BIRD COATHANGER 5 HOOK,6,2011-05-26 14:20:00,4.65,16624.0,United Kingdom
554823,22149,FELTCRAFT 6 FLOWER FRIENDS,40,2011-05-26 14:20:00,1.85,16624.0,United Kingdom
554823,22606,WOODEN SKITTLES GARDEN SET,1,2011-05-26 14:20:00,15.95,16624.0,United Kingdom
554823,22898,CHILDRENS APRON APPLES DESIGN,1,2011-05-26 14:20:00,1.95,16624.0,United Kingdom
554823,20685,DOORMAT RED RETROSPOT,1,2011-05-26 14:20:00,7.95,16624.0,United Kingdom
554824,79000,MOROCCAN TEA GLASS,24,2011-05-26 14:21:00,0.85,15785.0,United Kingdom
554824,84078A,SET/4 WHITE RETRO STORAGE CUBES ,1,2011-05-26 14:21:00,39.95,15785.0,United Kingdom
554824,21936,RED RETROSPOT PICNIC BAG,5,2011-05-26 14:21:00,2.95,15785.0,United Kingdom
554824,21086,SET/6 RED SPOTTY PAPER CUPS,12,2011-05-26 14:21:00,0.65,15785.0,United Kingdom
554824,22383,LUNCH BAG SUKI DESIGN ,10,2011-05-26 14:21:00,1.65,15785.0,United Kingdom
554824,20725,LUNCH BAG RED RETROSPOT,20,2011-05-26 14:21:00,1.65,15785.0,United Kingdom
554824,20728,LUNCH BAG CARS BLUE,10,2011-05-26 14:21:00,1.65,15785.0,United Kingdom
554824,23155,KNICKERBOCKERGLORY MAGNET ASSORTED ,24,2011-05-26 14:21:00,0.83,15785.0,United Kingdom
554824,22188,BLACK HEART CARD HOLDER,4,2011-05-26 14:21:00,3.95,15785.0,United Kingdom
554824,84755,COLOUR GLASS T-LIGHT HOLDER HANGING,16,2011-05-26 14:21:00,0.65,15785.0,United Kingdom
554824,84692,BOX OF 24 COCKTAIL PARASOLS,25,2011-05-26 14:21:00,0.42,15785.0,United Kingdom
554824,20724,RED RETROSPOT CHARLOTTE BAG,10,2011-05-26 14:21:00,0.85,15785.0,United Kingdom
554824,22061,LARGE CAKE STAND  HANGING STRAWBERY,6,2011-05-26 14:21:00,9.95,15785.0,United Kingdom
554824,22055,MINI CAKE STAND  HANGING STRAWBERY,8,2011-05-26 14:21:00,1.65,15785.0,United Kingdom
554824,47566,PARTY BUNTING,10,2011-05-26 14:21:00,4.95,15785.0,United Kingdom
554824,47590B,PINK HAPPY BIRTHDAY BUNTING,12,2011-05-26 14:21:00,5.45,15785.0,United Kingdom
554825,22328,ROUND SNACK BOXES SET OF 4 FRUITS ,6,2011-05-26 14:45:00,2.95,16843.0,United Kingdom
554825,22138,BAKING SET 9 PIECE RETROSPOT ,3,2011-05-26 14:45:00,4.95,16843.0,United Kingdom
554825,22620,4 TRADITIONAL SPINNING TOPS,12,2011-05-26 14:45:00,1.45,16843.0,United Kingdom
554825,23299,FOOD COVER WITH BEADS SET 2 ,6,2011-05-26 14:45:00,3.75,16843.0,United Kingdom
554825,84078A,SET/4 WHITE RETRO STORAGE CUBES ,1,2011-05-26 14:45:00,39.95,16843.0,United Kingdom
554825,22530,MAGIC DRAWING SLATE DOLLY GIRL ,24,2011-05-26 14:45:00,0.42,16843.0,United Kingdom
554825,22617,BAKING SET SPACEBOY DESIGN,3,2011-05-26 14:45:00,4.95,16843.0,United Kingdom
554825,22534,MAGIC DRAWING SLATE SPACEBOY ,24,2011-05-26 14:45:00,0.42,16843.0,United Kingdom
554825,22974,CHILDRENS DOLLY GIRL MUG,12,2011-05-26 14:45:00,1.65,16843.0,United Kingdom
554825,22972,CHILDREN'S SPACEBOY MUG,12,2011-05-26 14:45:00,1.65,16843.0,United Kingdom
554825,20914,SET/5 RED RETROSPOT LID GLASS BOWLS,6,2011-05-26 14:45:00,2.95,16843.0,United Kingdom
554825,22960,JAM MAKING SET WITH JARS,6,2011-05-26 14:45:00,4.25,16843.0,United Kingdom
554825,22630,DOLLY GIRL LUNCH BOX,12,2011-05-26 14:45:00,1.95,16843.0,United Kingdom
554825,22629,SPACEBOY LUNCH BOX ,12,2011-05-26 14:45:00,1.95,16843.0,United Kingdom
554825,22969,HOMEMADE JAM SCENTED CANDLES,12,2011-05-26 14:45:00,1.45,16843.0,United Kingdom
554825,22993,SET OF 4 PANTRY JELLY MOULDS,12,2011-05-26 14:45:00,1.25,16843.0,United Kingdom
554826,20725,LUNCH BAG RED RETROSPOT,10,2011-05-26 14:53:00,1.65,12493.0,France
554826,22384,LUNCH BAG PINK POLKADOT,10,2011-05-26 14:53:00,1.65,12493.0,France
554826,23209,LUNCH BAG DOILEY PATTERN ,10,2011-05-26 14:53:00,1.65,12493.0,France
554826,21937,STRAWBERRY   PICNIC BAG,5,2011-05-26 14:53:00,2.95,12493.0,France
554826,22383,LUNCH BAG SUKI DESIGN ,10,2011-05-26 14:53:00,1.65,12493.0,France
554826,20728,LUNCH BAG CARS BLUE,10,2011-05-26 14:53:00,1.65,12493.0,France
554826,22431,WATERING CAN BLUE ELEPHANT,12,2011-05-26 14:53:00,1.95,12493.0,France
554826,22456,NATURAL SLATE CHALKBOARD LARGE ,6,2011-05-26 14:53:00,4.95,12493.0,France
554826,23206,LUNCH BAG APPLE DESIGN,10,2011-05-26 14:53:00,1.65,12493.0,France
554826,22848,BREAD BIN DINER STYLE PINK,1,2011-05-26 14:53:00,16.95,12493.0,France
554826,22845,VINTAGE CREAM CAT FOOD CONTAINER,2,2011-05-26 14:53:00,6.35,12493.0,France
554826,C2,CARRIAGE,2,2011-05-26 14:53:00,18.0,12493.0,France
554827,22630,DOLLY GIRL LUNCH BOX,64,2011-05-26 15:19:00,1.65,14646.0,Netherlands
554827,22899,CHILDREN'S APRON DOLLY GIRL ,50,2011-05-26 15:19:00,1.85,14646.0,Netherlands
554827,22908,PACK OF 20 NAPKINS RED APPLES,96,2011-05-26 15:19:00,0.72,14646.0,Netherlands
554827,22972,CHILDREN'S SPACEBOY MUG,48,2011-05-26 15:19:00,1.45,14646.0,Netherlands
554827,21731,RED TOADSTOOL LED NIGHT LIGHT,144,2011-05-26 15:19:00,1.45,14646.0,Netherlands
554827,22399,MAGNETS PACK OF 4 CHILDHOOD MEMORY,108,2011-05-26 15:19:00,1.06,14646.0,Netherlands
554827,22423,REGENCY CAKESTAND 3 TIER,32,2011-05-26 15:19:00,10.95,14646.0,Netherlands
554827,84991,60 TEATIME FAIRY CAKE CASES,120,2011-05-26 15:19:00,0.42,14646.0,Netherlands
554827,84879,ASSORTED COLOUR BIRD ORNAMENT,160,2011-05-26 15:19:00,1.45,14646.0,Netherlands
554827,22356,CHARLOTTE BAG PINK POLKADOT,100,2011-05-26 15:19:00,0.72,14646.0,Netherlands
554827,22355,CHARLOTTE BAG SUKI DESIGN,100,2011-05-26 15:19:00,0.72,14646.0,Netherlands
554827,22956,36 FOIL HEART CAKE CASES,144,2011-05-26 15:19:00,1.85,14646.0,Netherlands
554827,23256,CHILDRENS CUTLERY SPACEBOY ,72,2011-05-26 15:19:00,3.75,14646.0,Netherlands
554827,23254,CHILDRENS CUTLERY DOLLY GIRL ,72,2011-05-26 15:19:00,3.75,14646.0,Netherlands
554827,23255,CHILDRENS CUTLERY CIRCUS PARADE,72,2011-05-26 15:19:00,3.75,14646.0,Netherlands
554827,23082,SET 6 PAPER TABLE LANTERN HEARTS ,96,2011-05-26 15:19:00,3.29,14646.0,Netherlands
554827,23118,PARISIENNE JEWELLERY DRAWER ,16,2011-05-26 15:19:00,6.65,14646.0,Netherlands
554827,23204,CHARLOTTE BAG APPLES DESIGN,300,2011-05-26 15:19:00,0.72,14646.0,Netherlands
554827,23206,LUNCH BAG APPLE DESIGN,100,2011-05-26 15:19:00,1.45,14646.0,Netherlands
554827,23084,RABBIT NIGHT LIGHT,240,2011-05-26 15:19:00,2.08,14646.0,Netherlands
554827,21936,RED RETROSPOT PICNIC BAG,250,2011-05-26 15:19:00,2.55,14646.0,Netherlands
554827,21559,STRAWBERRY LUNCH BOX WITH CUTLERY,180,2011-05-26 15:19:00,2.1,14646.0,Netherlands
554827,21218,RED SPOTTY BISCUIT TIN,48,2011-05-26 15:19:00,3.25,14646.0,Netherlands
554827,22846,BREAD BIN DINER STYLE RED ,16,2011-05-26 15:19:00,14.95,14646.0,Netherlands
554827,22759,SET OF 3 NOTEBOOKS IN PARCEL,96,2011-05-26 15:19:00,1.45,14646.0,Netherlands
554827,21481,FAWN BLUE HOT WATER BOTTLE,36,2011-05-26 15:19:00,2.55,14646.0,Netherlands
554827,84406B,CREAM CUPID HEARTS COAT HANGER,128,2011-05-26 15:19:00,3.75,14646.0,Netherlands
554827,20719,WOODLAND CHARLOTTE BAG,200,2011-05-26 15:19:00,0.72,14646.0,Netherlands
554827,20726,LUNCH BAG WOODLAND,200,2011-05-26 15:19:00,1.45,14646.0,Netherlands
554827,20750,RED RETROSPOT MINI CASES,36,2011-05-26 15:19:00,6.35,14646.0,Netherlands
554827,20725,LUNCH BAG RED RETROSPOT,200,2011-05-26 15:19:00,1.45,14646.0,Netherlands
554827,20685,DOORMAT RED RETROSPOT,40,2011-05-26 15:19:00,6.75,14646.0,Netherlands
554827,23190,BUNDLE OF 3 SCHOOL EXERCISE BOOKS  ,48,2011-05-26 15:19:00,1.45,14646.0,Netherlands
554827,23192,BUNDLE OF 3 ALPHABET EXERCISE BOOKS,48,2011-05-26 15:19:00,1.45,14646.0,Netherlands
554827,23168,CLASSIC CAFE SUGAR DISPENSER,36,2011-05-26 15:19:00,1.04,14646.0,Netherlands
554827,23102,SILVER HEARTS TABLE DECORATION,72,2011-05-26 15:19:00,0.72,14646.0,Netherlands
554827,23101,SILVER STARS TABLE DECORATION,72,2011-05-26 15:19:00,0.72,14646.0,Netherlands
554827,23110,PARISIENNE KEY CABINET ,16,2011-05-26 15:19:00,4.95,14646.0,Netherlands
554827,23100,SILVER BELLS TABLE DECORATION,72,2011-05-26 15:19:00,1.04,14646.0,Netherlands
554827,23083,SET 6 PAPER TABLE LANTERN STARS ,48,2011-05-26 15:19:00,3.29,14646.0,Netherlands
554827,23080,RED METAL BOX TOP SECRET,16,2011-05-26 15:19:00,7.5,14646.0,Netherlands
554827,23081,GREEN METAL BOX ARMY SUPPLIES,16,2011-05-26 15:19:00,7.5,14646.0,Netherlands
554827,21935,SUKI  SHOULDER BAG,100,2011-05-26 15:19:00,1.45,14646.0,Netherlands
554827,22131,FOOD CONTAINER SET 3 LOVE HEART ,144,2011-05-26 15:19:00,1.65,14646.0,Netherlands
554827,22303,COFFEE MUG APPLES DESIGN,36,2011-05-26 15:19:00,2.1,14646.0,Netherlands
554827,22480,RED TEA TOWEL CLASSIC DESIGN,96,2011-05-26 15:19:00,1.06,14646.0,Netherlands
554827,22482,BLUE TEA TOWEL CLASSIC DESIGN,96,2011-05-26 15:19:00,1.06,14646.0,Netherlands
554827,22505,MEMO BOARD COTTAGE DESIGN,24,2011-05-26 15:19:00,4.25,14646.0,Netherlands
554827,22555,PLASTERS IN TIN STRONGMAN,96,2011-05-26 15:19:00,1.45,14646.0,Netherlands
554827,22629,SPACEBOY LUNCH BOX ,64,2011-05-26 15:19:00,1.65,14646.0,Netherlands
554828,16049,,74,2011-05-26 15:21:00,0.0,,United Kingdom
554829,20801,,6,2011-05-26 15:22:00,0.0,,United Kingdom
554830,21904,,3,2011-05-26 15:22:00,0.0,,United Kingdom
554831,84906,,2,2011-05-26 15:22:00,0.0,,United Kingdom
554832,21918,SET 12 KIDS COLOUR  CHALK STICKS,24,2011-05-26 15:30:00,0.42,16092.0,United Kingdom
554832,21790,VINTAGE SNAP CARDS,12,2011-05-26 15:30:00,0.85,16092.0,United Kingdom
554832,22526,WHEELBARROW FOR CHILDREN ,2,2011-05-26 15:30:00,12.75,16092.0,United Kingdom
554832,22620,4 TRADITIONAL SPINNING TOPS,12,2011-05-26 15:30:00,1.45,16092.0,United Kingdom
554832,20971,PINK BLUE FELT CRAFT TRINKET BOX,12,2011-05-26 15:30:00,1.25,16092.0,United Kingdom
554832,22059,CERAMIC STRAWBERRY DESIGN MUG,12,2011-05-26 15:30:00,1.49,16092.0,United Kingdom
554832,22646,CERAMIC STRAWBERRY CAKE MONEY BANK,12,2011-05-26 15:30:00,1.45,16092.0,United Kingdom
554832,22891,TEA FOR ONE POLKADOT,6,2011-05-26 15:30:00,4.25,16092.0,United Kingdom
554832,84535B,FAIRY CAKES NOTEBOOK A6 SIZE,16,2011-05-26 15:30:00,0.65,16092.0,United Kingdom
554832,22993,SET OF 4 PANTRY JELLY MOULDS,24,2011-05-26 15:30:00,1.25,16092.0,United Kingdom
554832,21975,PACK OF 60 DINOSAUR CAKE CASES,24,2011-05-26 15:30:00,0.55,16092.0,United Kingdom
554832,21232,STRAWBERRY CERAMIC TRINKET BOX,12,2011-05-26 15:30:00,1.25,16092.0,United Kingdom
554832,84380,SET OF 3 BUTTERFLY COOKIE CUTTERS,12,2011-05-26 15:30:00,1.25,16092.0,United Kingdom
554832,22969,HOMEMADE JAM SCENTED CANDLES,12,2011-05-26 15:30:00,1.45,16092.0,United Kingdom
554832,21212,PACK OF 72 RETROSPOT CAKE CASES,24,2011-05-26 15:30:00,0.55,16092.0,United Kingdom
554832,21890,S/6 WOODEN SKITTLES IN COTTON BAG,6,2011-05-26 15:30:00,3.25,16092.0,United Kingdom
554832,71459,HANGING JAM JAR T-LIGHT HOLDER,12,2011-05-26 15:30:00,0.85,16092.0,United Kingdom
554834,85132C,CHARLIE AND LOLA FIGURES TINS,84,2011-05-26 15:35:00,1.95,17416.0,United Kingdom
554834,85132B,CHARLIE AND LOLA TABLE TINS,84,2011-05-26 15:35:00,1.95,17416.0,United Kingdom
554835,22406,MONEY BOX KINGS CHOICE DESIGN,12,2011-05-26 16:11:00,1.25,15241.0,United Kingdom
554835,20754,RETROSPOT RED WASHING UP GLOVES,6,2011-05-26 16:11:00,2.1,15241.0,United Kingdom
554835,21216,"SET 3 RETROSPOT TEA,COFFEE,SUGAR",4,2011-05-26 16:11:00,4.95,15241.0,United Kingdom
554835,21217,RED RETROSPOT ROUND CAKE TINS,1,2011-05-26 16:11:00,9.95,15241.0,United Kingdom
554835,21154,RED RETROSPOT OVEN GLOVE ,10,2011-05-26 16:11:00,1.25,15241.0,United Kingdom
554835,21535,RED RETROSPOT SMALL MILK JUG,6,2011-05-26 16:11:00,2.55,15241.0,United Kingdom
554835,21875,KINGS CHOICE MUG,12,2011-05-26 16:11:00,1.25,15241.0,United Kingdom
554835,21394,RED POLKADOT BEAKER ,48,2011-05-26 16:11:00,0.39,15241.0,United Kingdom
554835,37370,RETRO COFFEE MUGS ASSORTED,12,2011-05-26 16:11:00,1.25,15241.0,United Kingdom
554835,47518F,ICON PLACEMAT POP ART ELVIS,24,2011-05-26 16:11:00,0.12,15241.0,United Kingdom
554835,21043,APRON MODERN VINTAGE COTTON,12,2011-05-26 16:11:00,1.95,15241.0,United Kingdom
554835,21530,DAIRY MAID TOASTRACK,18,2011-05-26 16:11:00,0.79,15241.0,United Kingdom
554835,22965,3 TRADITIONAl BISCUIT CUTTERS  SET,6,2011-05-26 16:11:00,2.1,15241.0,United Kingdom
554835,23444,Next Day Carriage,1,2011-05-26 16:11:00,15.0,15241.0,United Kingdom
554836,22960,JAM MAKING SET WITH JARS,6,2011-05-26 16:25:00,4.25,13015.0,United Kingdom
554836,22968,ROSE COTTAGE KEEPSAKE BOX ,2,2011-05-26 16:25:00,9.95,13015.0,United Kingdom
554836,22077,6 RIBBONS RUSTIC CHARM,12,2011-05-26 16:25:00,1.65,13015.0,United Kingdom
554836,85049C,ROMANTIC PINKS RIBBONS ,12,2011-05-26 16:25:00,1.25,13015.0,United Kingdom
554836,20972,PINK CREAM FELT CRAFT TRINKET BOX ,12,2011-05-26 16:25:00,1.25,13015.0,United Kingdom
554836,22150,3 STRIPEY MICE FELTCRAFT,6,2011-05-26 16:25:00,1.95,13015.0,United Kingdom
554836,22271,FELTCRAFT DOLL ROSIE,6,2011-05-26 16:25:00,2.95,13015.0,United Kingdom
554836,20971,PINK BLUE FELT CRAFT TRINKET BOX,12,2011-05-26 16:25:00,1.25,13015.0,United Kingdom
554836,21786,POLKADOT RAIN HAT ,24,2011-05-26 16:25:00,0.42,13015.0,United Kingdom
554836,85014B,RED RETROSPOT UMBRELLA,3,2011-05-26 16:25:00,5.95,13015.0,United Kingdom
554836,22655,VINTAGE RED KITCHEN CABINET,1,2011-05-26 16:25:00,295.0,13015.0,United Kingdom
554836,21528,DAIRY MAID TRADITIONAL TEAPOT ,2,2011-05-26 16:25:00,6.95,13015.0,United Kingdom
554836,21537,RED RETROSPOT PUDDING BOWL,4,2011-05-26 16:25:00,4.25,13015.0,United Kingdom
554836,21534,DAIRY MAID LARGE MILK JUG,3,2011-05-26 16:25:00,4.95,13015.0,United Kingdom
554836,21535,RED RETROSPOT SMALL MILK JUG,6,2011-05-26 16:25:00,2.55,13015.0,United Kingdom
554836,21533,RETROSPOT LARGE MILK JUG,3,2011-05-26 16:25:00,4.95,13015.0,United Kingdom
554836,21531,RED RETROSPOT SUGAR JAM BOWL,6,2011-05-26 16:25:00,2.55,13015.0,United Kingdom
554836,22863,SOAP DISH BROCANTE,8,2011-05-26 16:25:00,2.95,13015.0,United Kingdom
554836,84987,SET OF 36 TEATIME PAPER DOILIES,12,2011-05-26 16:25:00,1.45,13015.0,United Kingdom
554836,21844,RED RETROSPOT MUG,6,2011-05-26 16:25:00,2.95,13015.0,United Kingdom
554836,22556,PLASTERS IN TIN CIRCUS PARADE ,12,2011-05-26 16:25:00,1.65,13015.0,United Kingdom
554836,22555,PLASTERS IN TIN STRONGMAN,12,2011-05-26 16:25:00,1.65,13015.0,United Kingdom
554836,21790,VINTAGE SNAP CARDS,12,2011-05-26 16:25:00,0.85,13015.0,United Kingdom
554836,21912,VINTAGE SNAKES & LADDERS,4,2011-05-26 16:25:00,3.75,13015.0,United Kingdom
554836,21914,BLUE HARMONICA IN BOX ,12,2011-05-26 16:25:00,1.25,13015.0,United Kingdom
554836,21888,BINGO SET,4,2011-05-26 16:25:00,3.75,13015.0,United Kingdom
554836,21621,VINTAGE UNION JACK BUNTING,2,2011-05-26 16:25:00,8.5,13015.0,United Kingdom
554836,84879,ASSORTED COLOUR BIRD ORNAMENT,16,2011-05-26 16:25:00,1.69,13015.0,United Kingdom
554836,23300,GARDENERS KNEELING PAD CUP OF TEA ,12,2011-05-26 16:25:00,1.65,13015.0,United Kingdom
554836,21896,POTTING SHED TWINE,6,2011-05-26 16:25:00,2.1,13015.0,United Kingdom
554837,22469,HEART OF WICKER SMALL,3,2011-05-26 16:30:00,1.65,14584.0,United Kingdom
554837,22696,WICKER WREATH LARGE,3,2011-05-26 16:30:00,1.95,14584.0,United Kingdom
554837,22694,WICKER STAR ,3,2011-05-26 16:30:00,2.1,14584.0,United Kingdom
554837,22470,HEART OF WICKER LARGE,3,2011-05-26 16:30:00,2.95,14584.0,United Kingdom
554837,71215,METAL BASE FOR CANDLES,10,2011-05-26 16:30:00,0.42,14584.0,United Kingdom
554837,21896,POTTING SHED TWINE,2,2011-05-26 16:30:00,2.1,14584.0,United Kingdom
554837,22784,LANTERN CREAM GAZEBO ,2,2011-05-26 16:30:00,4.95,14584.0,United Kingdom
554837,22427,ENAMEL FLOWER JUG CREAM,2,2011-05-26 16:30:00,5.95,14584.0,United Kingdom
554837,23091,ZINC HERB GARDEN CONTAINER,2,2011-05-26 16:30:00,6.25,14584.0,United Kingdom
554837,85062,PEARL CRYSTAL PUMPKIN T-LIGHT HLDR,6,2011-05-26 16:30:00,1.65,14584.0,United Kingdom
554837,84879,ASSORTED COLOUR BIRD ORNAMENT,8,2011-05-26 16:30:00,1.69,14584.0,United Kingdom
554837,85123A,WHITE HANGING HEART T-LIGHT HOLDER,3,2011-05-26 16:30:00,2.95,14584.0,United Kingdom
554837,22173,METAL 4 HOOK HANGER FRENCH CHATEAU,3,2011-05-26 16:30:00,2.95,14584.0,United Kingdom
554837,22429,ENAMEL MEASURING JUG CREAM,2,2011-05-26 16:30:00,4.25,14584.0,United Kingdom
554837,22844,VINTAGE CREAM DOG FOOD CONTAINER,2,2011-05-26 16:30:00,8.5,14584.0,United Kingdom
554837,22845,VINTAGE CREAM CAT FOOD CONTAINER,2,2011-05-26 16:30:00,6.35,14584.0,United Kingdom
554837,22430,ENAMEL WATERING CAN CREAM,2,2011-05-26 16:30:00,4.95,14584.0,United Kingdom
554837,22496,SET OF 2 ROUND TINS DUTCH CHEESE,2,2011-05-26 16:30:00,2.95,14584.0,United Kingdom
554837,22495,SET OF 2 ROUND TINS CAMEMBERT ,2,2011-05-26 16:30:00,2.95,14584.0,United Kingdom
554837,22178,VICTORIAN GLASS HANGING T-LIGHT,6,2011-05-26 16:30:00,1.25,14584.0,United Kingdom
554837,22499,WOODEN UNION JACK BUNTING,1,2011-05-26 16:30:00,5.95,14584.0,United Kingdom
554837,21868,POTTING SHED TEA MUG,6,2011-05-26 16:30:00,1.25,14584.0,United Kingdom
554837,22606,WOODEN SKITTLES GARDEN SET,4,2011-05-26 16:30:00,15.95,14584.0,United Kingdom
554838,22457,NATURAL SLATE HEART CHALKBOARD ,6,2011-05-26 16:30:00,2.95,18232.0,United Kingdom
554838,22190,LOCAL CAFE MUG,6,2011-05-26 16:30:00,2.1,18232.0,United Kingdom
554838,22109,FULL ENGLISH BREAKFAST PLATE,4,2011-05-26 16:30:00,3.75,18232.0,United Kingdom
554838,22771,CLEAR DRAWER KNOB ACRYLIC EDWARDIAN,12,2011-05-26 16:30:00,1.25,18232.0,United Kingdom
554838,23298,SPOTTY BUNTING,3,2011-05-26 16:30:00,4.95,18232.0,United Kingdom
554838,21770,OPEN CLOSED METAL SIGN,2,2011-05-26 16:30:00,4.95,18232.0,United Kingdom
554838,84950,ASSORTED COLOUR T-LIGHT HOLDER,12,2011-05-26 16:30:00,0.65,18232.0,United Kingdom
554838,21272,SALLE DE BAIN HOOK,12,2011-05-26 16:30:00,1.25,18232.0,United Kingdom
554839,23194,GYMKHANA TREASURE BOOK BOX,4,2011-05-26 17:15:00,2.25,14056.0,United Kingdom
554839,23193,BUFFALO BILL TREASURE BOOK BOX,4,2011-05-26 17:15:00,2.25,14056.0,United Kingdom
554839,22973,CHILDREN'S CIRCUS PARADE MUG,6,2011-05-26 17:15:00,1.65,14056.0,United Kingdom
554839,23298,SPOTTY BUNTING,6,2011-05-26 17:15:00,4.95,14056.0,United Kingdom
554839,21374,MIRRORED WALL ART SKULLS,1,2011-05-26 17:15:00,3.75,14056.0,United Kingdom
554839,22976,CIRCUS PARADE CHILDRENS EGG CUP ,3,2011-05-26 17:15:00,1.25,14056.0,United Kingdom
554839,22975,SPACEBOY CHILDRENS EGG CUP,3,2011-05-26 17:15:00,1.25,14056.0,United Kingdom
554839,22467,GUMBALL COAT RACK,1,2011-05-26 17:15:00,2.55,14056.0,United Kingdom
554839,23084,RABBIT NIGHT LIGHT,5,2011-05-26 17:15:00,2.08,14056.0,United Kingdom
554839,22629,SPACEBOY LUNCH BOX ,5,2011-05-26 17:15:00,1.95,14056.0,United Kingdom
554839,23052,RECYCLED ACAPULCO MAT TURQUOISE,5,2011-05-26 17:15:00,8.25,14056.0,United Kingdom
554839,21116,OWL DOORSTOP,2,2011-05-26 17:15:00,4.95,14056.0,United Kingdom
554839,20914,SET/5 RED RETROSPOT LID GLASS BOWLS,3,2011-05-26 17:15:00,2.95,14056.0,United Kingdom
554839,22899,CHILDREN'S APRON DOLLY GIRL ,2,2011-05-26 17:15:00,2.1,14056.0,United Kingdom
554839,22367,CHILDRENS APRON SPACEBOY DESIGN,2,2011-05-26 17:15:00,1.95,14056.0,United Kingdom
554839,23280,FOLDING BUTTERFLY MIRROR HOT PINK ,2,2011-05-26 17:15:00,0.83,14056.0,United Kingdom
554839,23281,FOLDING BUTTERFLY MIRROR RED  ,2,2011-05-26 17:15:00,0.83,14056.0,United Kingdom
554839,22852,DOG BOWL VINTAGE CREAM,2,2011-05-26 17:15:00,4.25,14056.0,United Kingdom
554839,22853,CAT BOWL VINTAGE CREAM,2,2011-05-26 17:15:00,3.25,14056.0,United Kingdom
554839,22845,VINTAGE CREAM CAT FOOD CONTAINER,4,2011-05-26 17:15:00,6.35,14056.0,United Kingdom
554839,22090,PAPER BUNTING RETROSPOT,1,2011-05-26 17:15:00,2.95,14056.0,United Kingdom
554839,22089,PAPER BUNTING VINTAGE PAISLEY,2,2011-05-26 17:15:00,2.95,14056.0,United Kingdom
554839,22191,IVORY DINER WALL CLOCK,2,2011-05-26 17:15:00,8.5,14056.0,United Kingdom
554839,22212,FOUR HOOK  WHITE LOVEBIRDS,1,2011-05-26 17:15:00,2.1,14056.0,United Kingdom
554839,22427,ENAMEL FLOWER JUG CREAM,1,2011-05-26 17:15:00,5.95,14056.0,United Kingdom
554839,22558,CLOTHES PEGS RETROSPOT PACK 24 ,5,2011-05-26 17:15:00,1.65,14056.0,United Kingdom
554839,22326,ROUND SNACK BOXES SET OF4 WOODLAND ,3,2011-05-26 17:15:00,2.95,14056.0,United Kingdom
554839,22076,6 RIBBONS EMPIRE  ,2,2011-05-26 17:15:00,1.65,14056.0,United Kingdom
554839,22077,6 RIBBONS RUSTIC CHARM,5,2011-05-26 17:15:00,1.65,14056.0,United Kingdom
554839,22725,ALARM CLOCK BAKELIKE CHOCOLATE,2,2011-05-26 17:15:00,3.75,14056.0,United Kingdom
554839,22727,ALARM CLOCK BAKELIKE RED ,3,2011-05-26 17:15:00,3.75,14056.0,United Kingdom
554839,22730,ALARM CLOCK BAKELIKE IVORY,1,2011-05-26 17:15:00,3.75,14056.0,United Kingdom
554839,22900, SET 2 TEA TOWELS I LOVE LONDON ,4,2011-05-26 17:15:00,3.25,14056.0,United Kingdom
554839,23282,FOLDING BUTTERFLY MIRROR IVORY ,2,2011-05-26 17:15:00,0.83,14056.0,United Kingdom
554839,21983,PACK OF 12 BLUE PAISLEY TISSUES ,4,2011-05-26 17:15:00,0.29,14056.0,United Kingdom
554839,21523,DOORMAT FANCY FONT HOME SWEET HOME,1,2011-05-26 17:15:00,7.95,14056.0,United Kingdom
554839,48116,DOORMAT MULTICOLOUR STRIPE,1,2011-05-26 17:15:00,7.95,14056.0,United Kingdom
554839,22495,SET OF 2 ROUND TINS CAMEMBERT ,2,2011-05-26 17:15:00,2.95,14056.0,United Kingdom
554839,22496,SET OF 2 ROUND TINS DUTCH CHEESE,2,2011-05-26 17:15:00,2.95,14056.0,United Kingdom
554839,23168,CLASSIC CAFE SUGAR DISPENSER,3,2011-05-26 17:15:00,1.25,14056.0,United Kingdom
554839,22494,EMERGENCY FIRST AID TIN ,2,2011-05-26 17:15:00,1.25,14056.0,United Kingdom
554839,20723,STRAWBERRY CHARLOTTE BAG,2,2011-05-26 17:15:00,0.85,14056.0,United Kingdom
554839,22554,PLASTERS IN TIN WOODLAND ANIMALS,3,2011-05-26 17:15:00,1.65,14056.0,United Kingdom
554839,22191,IVORY DINER WALL CLOCK,1,2011-05-26 17:15:00,8.5,14056.0,United Kingdom
554839,21936,RED RETROSPOT PICNIC BAG,1,2011-05-26 17:15:00,2.95,14056.0,United Kingdom
554839,21039,RED RETROSPOT SHOPPING BAG,1,2011-05-26 17:15:00,2.55,14056.0,United Kingdom
554839,22378,WALL TIDY RETROSPOT ,2,2011-05-26 17:15:00,2.1,14056.0,United Kingdom
554839,21913,VINTAGE SEASIDE JIGSAW PUZZLES,1,2011-05-26 17:15:00,3.75,14056.0,United Kingdom
554839,22550,HOLIDAY FUN LUDO,1,2011-05-26 17:15:00,3.75,14056.0,United Kingdom
554839,21888,BINGO SET,1,2011-05-26 17:15:00,3.75,14056.0,United Kingdom
554840,20974,12 PENCILS SMALL TUBE SKULL,24,2011-05-26 17:16:00,0.65,12684.0,France
554840,22491,PACK OF 12 COLOURED PENCILS,24,2011-05-26 17:16:00,0.85,12684.0,France
554840,22489,PACK OF 12 TRADITIONAL CRAYONS,144,2011-05-26 17:16:00,0.36,12684.0,France
554840,21918,SET 12 KIDS COLOUR  CHALK STICKS,24,2011-05-26 17:16:00,0.42,12684.0,France
554840,21917,SET 12 KIDS  WHITE CHALK STICKS,24,2011-05-26 17:16:00,0.42,12684.0,France
554840,22492,MINI PAINT SET VINTAGE ,72,2011-05-26 17:16:00,0.65,12684.0,France
554840,21915,RED  HARMONICA IN BOX ,24,2011-05-26 17:16:00,1.25,12684.0,France
554840,22557,PLASTERS IN TIN VINTAGE PAISLEY ,24,2011-05-26 17:16:00,1.65,12684.0,France
554840,22556,PLASTERS IN TIN CIRCUS PARADE ,12,2011-05-26 17:16:00,1.65,12684.0,France
554840,22728,ALARM CLOCK BAKELIKE PINK,8,2011-05-26 17:16:00,3.75,12684.0,France
554840,22273,FELTCRAFT DOLL MOLLY,24,2011-05-26 17:16:00,2.95,12684.0,France
554840,22437,SET OF 9 BLACK SKULL BALLOONS,20,2011-05-26 17:16:00,0.85,12684.0,France
554840,POST,POSTAGE,2,2011-05-26 17:16:00,18.0,12684.0,France
554841,15060B,FAIRY CAKE DESIGN UMBRELLA,1,2011-05-26 17:21:00,3.75,,United Kingdom
554842,23109,LED TEA LIGHTS,6,2011-05-26 18:17:00,2.89,14740.0,United Kingdom
554842,22568,FELTCRAFT CUSHION OWL,4,2011-05-26 18:17:00,3.75,14740.0,United Kingdom
554842,22569,FELTCRAFT CUSHION BUTTERFLY,4,2011-05-26 18:17:00,3.75,14740.0,United Kingdom
554842,22749,FELTCRAFT PRINCESS CHARLOTTE DOLL,4,2011-05-26 18:17:00,3.75,14740.0,United Kingdom
554842,22750,FELTCRAFT PRINCESS LOLA DOLL,4,2011-05-26 18:17:00,3.75,14740.0,United Kingdom
554842,46000M,POLYESTER FILLER PAD 45x45cm,16,2011-05-26 18:17:00,1.55,14740.0,United Kingdom
554842,22759,SET OF 3 NOTEBOOKS IN PARCEL,12,2011-05-26 18:17:00,1.65,14740.0,United Kingdom
554842,20755,BLUE PAISLEY POCKET BOOK,12,2011-05-26 18:17:00,0.85,14740.0,United Kingdom
554842,23080,RED METAL BOX TOP SECRET,2,2011-05-26 18:17:00,8.25,14740.0,United Kingdom
554842,23300,GARDENERS KNEELING PAD CUP OF TEA ,12,2011-05-26 18:17:00,1.65,14740.0,United Kingdom
554842,23301,GARDENERS KNEELING PAD KEEP CALM ,12,2011-05-26 18:17:00,1.65,14740.0,United Kingdom
554842,22423,REGENCY CAKESTAND 3 TIER,2,2011-05-26 18:17:00,12.75,14740.0,United Kingdom
554842,21843,RED RETROSPOT CAKE STAND,2,2011-05-26 18:17:00,10.95,14740.0,United Kingdom
554842,23173,REGENCY TEAPOT ROSES ,2,2011-05-26 18:17:00,9.95,14740.0,United Kingdom
554842,22698,PINK REGENCY TEACUP AND SAUCER,6,2011-05-26 18:17:00,2.95,14740.0,United Kingdom
554842,22699,ROSES REGENCY TEACUP AND SAUCER ,6,2011-05-26 18:17:00,2.95,14740.0,United Kingdom
554842,22697,GREEN REGENCY TEACUP AND SAUCER,6,2011-05-26 18:17:00,2.95,14740.0,United Kingdom
554842,23175,REGENCY MILK JUG PINK ,4,2011-05-26 18:17:00,3.25,14740.0,United Kingdom
554842,23172,REGENCY TEA PLATE PINK,12,2011-05-26 18:17:00,1.65,14740.0,United Kingdom
554842,23170,REGENCY TEA PLATE ROSES ,12,2011-05-26 18:17:00,1.65,14740.0,United Kingdom
554842,23171,REGENCY TEA PLATE GREEN ,12,2011-05-26 18:17:00,1.65,14740.0,United Kingdom
554842,23174,REGENCY SUGAR BOWL GREEN,4,2011-05-26 18:17:00,4.15,14740.0,United Kingdom
554842,22469,HEART OF WICKER SMALL,12,2011-05-26 18:17:00,1.65,14740.0,United Kingdom
554842,85123A,WHITE HANGING HEART T-LIGHT HOLDER,6,2011-05-26 18:17:00,2.95,14740.0,United Kingdom
554842,20936,FORKED CACTUS CANDLE,6,2011-05-26 18:17:00,2.95,14740.0,United Kingdom
554842,85175,CACTI T-LIGHT CANDLES,16,2011-05-26 18:17:00,0.42,14740.0,United Kingdom
554842,22514,CHILDS GARDEN SPADE BLUE,6,2011-05-26 18:17:00,2.1,14740.0,United Kingdom
554842,22517,CHILDS GARDEN RAKE PINK,6,2011-05-26 18:17:00,2.1,14740.0,United Kingdom
554842,22523,CHILDS GARDEN FORK PINK,12,2011-05-26 18:17:00,0.85,14740.0,United Kingdom
554842,22515,CHILDS GARDEN SPADE PINK,6,2011-05-26 18:17:00,2.1,14740.0,United Kingdom
554842,22519,CHILDS GARDEN BRUSH PINK,6,2011-05-26 18:17:00,2.1,14740.0,United Kingdom
554842,22526,WHEELBARROW FOR CHILDREN ,1,2011-05-26 18:17:00,12.75,14740.0,United Kingdom
554842,22516,CHILDS GARDEN RAKE BLUE,6,2011-05-26 18:17:00,2.1,14740.0,United Kingdom
554842,22522,CHILDS GARDEN FORK BLUE ,12,2011-05-26 18:17:00,0.85,14740.0,United Kingdom
554843,15034,PAPER POCKET TRAVELING FAN ,96,2011-05-26 19:13:00,0.14,13911.0,United Kingdom
554843,15036,ASSORTED COLOURS SILK FAN,144,2011-05-26 19:13:00,0.83,13911.0,United Kingdom
554843,17012A,ORIGAMI VANILLA INCENSE/CANDLE SET ,24,2011-05-26 19:13:00,0.85,13911.0,United Kingdom
554843,17012B,ORIGAMI JASMINE INCENSE/CANDLE SET,24,2011-05-26 19:13:00,0.85,13911.0,United Kingdom
554843,17021,NAMASTE SWAGAT INCENSE,72,2011-05-26 19:13:00,0.3,13911.0,United Kingdom
554843,17096,ASSORTED LAQUERED INCENSE HOLDERS,48,2011-05-26 19:13:00,0.21,13911.0,United Kingdom
554843,72232,FENG SHUI PILLAR CANDLE,48,2011-05-26 19:13:00,0.19,13911.0,United Kingdom
554843,22916,HERB MARKER THYME,12,2011-05-26 19:13:00,0.65,13911.0,United Kingdom
554843,22919,HERB MARKER MINT,12,2011-05-26 19:13:00,0.65,13911.0,United Kingdom
554843,22917,HERB MARKER ROSEMARY,12,2011-05-26 19:13:00,0.65,13911.0,United Kingdom
554843,22920,HERB MARKER BASIL,12,2011-05-26 19:13:00,0.65,13911.0,United Kingdom
554843,22693,GROW A FLYTRAP OR SUNFLOWER IN TIN,24,2011-05-26 19:13:00,1.25,13911.0,United Kingdom
554843,22441,GROW YOUR OWN BASIL IN ENAMEL MUG,8,2011-05-26 19:13:00,2.1,13911.0,United Kingdom
554843,22811,SET OF 6 T-LIGHTS CACTI ,6,2011-05-26 19:13:00,2.95,13911.0,United Kingdom
554843,22537,MAGIC DRAWING SLATE DINOSAUR,24,2011-05-26 19:13:00,0.42,13911.0,United Kingdom
554843,22547,MINI JIGSAW DINOSAUR ,24,2011-05-26 19:13:00,0.42,13911.0,United Kingdom
554844,23053,RECYCLED ACAPULCO MAT PINK,2,2011-05-26 19:38:00,8.25,18073.0,United Kingdom
554844,23052,RECYCLED ACAPULCO MAT TURQUOISE,2,2011-05-26 19:38:00,8.25,18073.0,United Kingdom
554844,84946,ANTIQUE SILVER T-LIGHT GLASS,24,2011-05-26 19:38:00,1.25,18073.0,United Kingdom
554845,82600,NO SINGING METAL SIGN,48,2011-05-26 19:49:00,2.21,17450.0,United Kingdom
554845,82581,TOILET METAL SIGN,48,2011-05-26 19:49:00,0.73,17450.0,United Kingdom
554845,82580,BATHROOM METAL SIGN,48,2011-05-26 19:49:00,0.73,17450.0,United Kingdom
554845,21733,RED HANGING HEART T-LIGHT HOLDER,224,2011-05-26 19:49:00,3.24,17450.0,United Kingdom
554845,22469,HEART OF WICKER SMALL,738,2011-05-26 19:49:00,1.93,17450.0,United Kingdom
554845,22470,HEART OF WICKER LARGE,330,2011-05-26 19:49:00,3.21,17450.0,United Kingdom
554845,85123A,WHITE HANGING HEART T-LIGHT HOLDER,608,2011-05-26 19:49:00,3.24,17450.0,United Kingdom
554845,82551,LAUNDRY 15C METAL SIGN,96,2011-05-26 19:49:00,1.7,17450.0,United Kingdom
C554846,22424,ENAMEL BREAD BIN CREAM,-1,2011-05-26 19:55:00,12.75,16700.0,United Kingdom
C554847,22423,REGENCY CAKESTAND 3 TIER,-1,2011-05-26 19:56:00,12.75,12909.0,United Kingdom
C554847,23298,SPOTTY BUNTING,-3,2011-05-26 19:56:00,4.95,12909.0,United Kingdom
C554848,82484,WOOD BLACK BOARD ANT WHITE FINISH,-1,2011-05-26 19:56:00,7.95,13659.0,United Kingdom
C554848,21314,SMALL GLASS HEART TRINKET POT,-1,2011-05-26 19:56:00,2.1,13659.0,United Kingdom
C554848,21642,ASSORTED TUTTI FRUTTI PEN,-12,2011-05-26 19:56:00,0.85,13659.0,United Kingdom
C554848,85170B,SET/6 BLACK BIRD T-LIGHT CANDLES,-1,2011-05-26 19:56:00,2.1,13659.0,United Kingdom
C554849,22055,MINI CAKE STAND  HANGING STRAWBERY,-1,2011-05-26 19:58:00,1.45,17865.0,United Kingdom
C554849,22423,REGENCY CAKESTAND 3 TIER,-3,2011-05-26 19:58:00,10.95,17865.0,United Kingdom
C554849,21231,SWEETHEART CERAMIC TRINKET BOX,-1,2011-05-26 19:58:00,1.06,17865.0,United Kingdom
C554849,21232,STRAWBERRY CERAMIC TRINKET BOX,-2,2011-05-26 19:58:00,1.06,17865.0,United Kingdom
